user_id,age,gender,membership_level,days_since_last_login,total_orders,browse_duration,page_views,products_viewed,cart_additions,wishlist_additions,search_queries,will_purchase,product_category,product_price,discount_rate,product_rating,used_coupon,is_weekend,order_amount,user_segment,is_churned
U10174,31,1,2,11,10,122.48,19,9,1,1,4,0,0,0,0,0,0,0,0,1,0
U10752,37,0,0,86,6,684.99,11,5,2,1,4,0,0,0,0,0,0,0,0,1,0
U10467,40,0,0,50,10,654.58,30,9,5,1,0,1,4,421.22,0.05,3.9,0,1,421.26,1,0
U10240,63,0,2,81,10,344.83,19,7,1,1,5,0,0,0,0,0,0,0,0,1,0
U10667,60,0,0,36,11,215.37,31,11,0,0,0,1,1,121.03,0,4.6,1,1,113.08,1,0
U10218,41,0,1,21,9,266.21,15,7,3,0,5,0,0,0,0,0,0,0,0,0,0
U10775,21,0,1,13,6,623.12,13,10,1,0,1,0,0,0,0,0,0,0,0,0,0
U10420,26,0,0,88,11,252.2,32,4,4,1,3,1,2,819.52,0,3.4,0,0,832.65,1,0
U10351,45,0,2,25,7,356.94,25,13,1,0,2,0,0,0,0,0,0,0,0,1,0
U10328,22,0,3,31,8,101.5,16,10,2,0,1,0,0,0,0,0,0,0,0,1,0
U10692,43,1,0,50,10,0.54,25,9,2,5,4,1,3,571.5,0,4.1,0,0,524.77,1,0
U10794,24,0,2,44,6,347.09,14,7,0,1,5,0,0,0,0,0,0,0,0,1,0
U10378,34,1,4,32,6,229.23,20,8,1,2,6,0,0,0,0,0,0,0,0,1,0
U10265,33,1,1,22,6,52.14,20,12,1,0,5,0,0,0,0,0,0,0,0,1,0
U10754,37,1,0,49,9,133.49,14,9,1,1,2,0,0,0,0,0,0,0,0,1,0
U10485,45,1,2,5,6,55.81,15,7,5,1,1,0,0,0,0,0,0,0,0,0,0
U10040,37,1,0,35,8,909.79,14,5,2,0,3,0,0,0,0,0,0,0,0,1,0
U10289,43,0,1,82,9,316.01,9,13,3,1,2,0,0,0,0,0,0,0,0,1,0
U10220,42,0,0,35,8,195.71,14,8,0,2,3,0,0,0,0,0,0,0,0,1,0
U10034,63,0,3,28,7,732.36,20,8,5,0,5,1,1,737.32,0.15,4.3,1,1,524.53,1,0
U10699,52,1,2,21,5,148.73,16,9,2,0,2,0,0,0,0,0,0,0,0,1,0
U10543,58,0,0,49,8,169.87,12,9,3,0,3,1,4,742.44,0.1,3.5,0,0,635.73,1,0
U10707,29,1,0,14,5,213.84,19,12,1,0,2,0,0,0,0,0,0,0,0,1,0
U10098,31,1,1,10,10,137.44,8,8,2,1,1,0,0,0,0,0,0,0,0,1,1
U10583,28,1,0,56,6,352.92,16,8,2,1,3,0,0,0,0,0,0,0,0,1,0
U10570,38,1,1,39,6,139.28,12,7,4,0,3,0,0,0,0,0,0,0,0,1,0
U10724,57,0,2,34,9,11.63,18,5,5,2,1,0,0,0,0,0,0,0,0,1,0
U10101,25,1,0,73,7,2423.69,30,11,3,0,3,1,0,273.26,0.05,4.3,0,1,272.48,1,0
U10087,28,1,1,89,6,211.48,19,11,3,1,4,0,0,0,0,0,0,0,0,1,0
U10352,53,1,2,58,6,109.41,13,6,3,1,1,0,0,0,0,0,0,0,0,1,0
U10674,21,1,1,34,5,356.64,15,6,2,1,6,0,0,0,0,0,0,0,0,1,0
U10049,20,0,1,70,11,25.21,18,9,0,0,3,0,0,0,0,0,0,0,0,1,0
U10372,59,0,2,44,6,1025.81,20,12,1,2,0,1,1,107.06,0.05,4.1,1,0,89.78,1,0
U10646,34,1,0,70,7,415.03,12,10,0,1,5,0,0,0,0,0,0,0,0,1,0
U10738,61,0,0,6,6,29.63,13,8,3,1,0,0,0,0,0,0,0,0,0,0,0
U10561,60,0,0,70,9,2998.81,23,4,2,1,5,1,3,348.5,0,4.4,1,0,297.33,1,0
U10700,35,1,1,23,10,57.67,20,7,4,2,3,0,0,0,0,0,0,0,0,1,0
U10552,53,0,1,35,5,1807.46,21,13,1,1,2,1,0,67.18,0.15,4.7,0,0,61.58,1,0
U10538,47,1,1,64,8,608.74,15,8,3,0,4,0,0,0,0,0,0,0,0,1,1
U10462,23,1,3,83,7,218.06,11,8,1,0,5,0,0,0,0,0,0,0,0,1,0
U10795,61,0,0,72,8,379.3,19,10,3,2,1,0,0,0,0,0,0,0,0,1,0
U10514,23,0,1,38,11,509.03,8,8,2,1,1,0,0,0,0,0,0,0,0,1,0
U10027,51,1,0,7,4,311.39,17,6,3,1,3,0,0,0,0,0,0,0,0,1,0
U10270,59,0,0,59,7,1581.09,15,8,2,2,4,0,0,0,0,0,0,0,0,1,1
U10269,52,0,1,11,10,712.36,10,6,2,3,4,0,0,0,0,0,0,0,0,1,0
U10424,44,0,3,81,13,1105.48,26,7,1,1,2,1,1,831.9,0,3,1,1,784.72,1,0
U10070,26,0,2,35,6,128.69,23,7,0,1,3,0,0,0,0,0,0,0,0,1,0
U10445,46,0,0,65,5,62.42,14,8,3,3,1,0,0,0,0,0,0,0,0,1,0
U10299,35,1,1,81,2,85.04,18,9,1,1,3,0,0,0,0,0,0,0,0,1,0
U10376,30,0,3,11,7,942.57,15,6,3,2,3,0,0,0,0,0,0,0,0,1,0
U10189,45,1,1,21,7,235.45,9,9,2,1,2,0,0,0,0,0,0,0,0,0,0
U10536,59,0,0,34,8,933.13,34,11,0,3,5,1,1,898.15,0.1,3.6,0,1,812.74,1,0
U10051,60,0,0,52,9,161.17,13,14,4,1,3,0,0,0,0,0,0,0,0,1,0
U10023,40,0,0,82,14,53.27,16,2,2,1,3,0,0,0,0,0,0,0,0,1,0
U10044,20,1,1,10,9,39.48,33,12,2,0,4,1,4,365.99,0.15,4.9,1,0,295.68,1,1
U10566,62,0,0,19,7,525.9,18,8,1,0,2,0,0,0,0,0,0,0,0,1,0
U10170,39,0,0,76,10,696.65,18,9,2,2,6,0,0,0,0,0,0,0,0,1,0
U10260,40,1,1,57,12,53.39,14,8,1,1,4,0,0,0,0,0,0,0,0,1,0
U10553,37,0,0,23,10,62.08,11,9,1,3,7,0,0,0,0,0,0,0,0,0,0
U10343,19,1,1,28,8,93.81,12,6,3,0,5,0,0,0,0,0,0,0,0,1,0
U10620,46,1,3,26,5,536.3,22,13,1,3,4,1,4,109.56,0,4.8,1,0,93.64,1,0
U10764,51,1,0,50,14,21.27,16,11,1,1,1,0,0,0,0,0,0,0,0,1,0
U10762,60,1,0,79,5,217.96,18,7,1,2,4,0,0,0,0,0,0,0,0,1,0
U10427,26,1,1,35,7,105.27,14,12,1,2,2,0,0,0,0,0,0,0,0,1,0
U10787,32,1,3,72,11,870.75,17,15,5,1,1,0,0,0,0,0,0,0,0,1,1
U10106,36,1,0,15,6,629.53,14,8,1,0,1,0,0,0,0,0,0,0,0,1,0
U10309,28,1,0,30,4,444.59,15,11,7,1,3,0,0,0,0,0,0,0,0,2,0
U10158,19,1,2,10,8,353.65,17,10,0,1,1,0,0,0,0,0,0,0,0,1,0
U10332,38,1,0,5,10,502.53,22,4,4,0,1,0,0,0,0,0,0,0,0,1,0
U10774,41,1,1,32,4,154.42,14,11,3,4,4,0,0,0,0,0,0,0,0,1,0
U10056,27,1,0,64,7,844.41,25,12,0,0,5,1,2,742.68,0,4.6,1,0,721.53,1,0
U10413,32,0,2,20,9,389.26,27,4,1,1,0,1,3,368.21,0.05,3.1,0,1,325.1,0,0
U10784,40,1,0,11,8,25.76,14,10,4,1,5,0,0,0,0,0,0,0,0,1,0
U10199,42,1,0,13,13,577.78,15,14,1,1,3,0,0,0,0,0,0,0,0,1,0
U10769,53,0,1,77,5,81.6,21,10,0,0,4,0,0,0,0,0,0,0,0,1,0
U10453,47,0,2,9,5,386.86,9,8,4,0,4,0,0,0,0,0,0,0,0,0,0
U10702,57,0,1,17,10,671.12,22,10,1,0,3,1,2,261.73,0,4.3,1,1,239.23,1,0
U10140,44,1,2,35,10,61.23,13,9,0,2,7,0,0,0,0,0,0,0,0,1,0
U10781,28,0,2,53,7,322.51,15,10,0,1,2,0,0,0,0,0,0,0,0,1,0
U10107,38,0,2,38,7,732.18,16,6,1,1,3,0,0,0,0,0,0,0,0,1,0
U10767,31,1,0,44,7,538.09,19,7,1,0,1,0,0,0,0,0,0,0,0,1,0
U10086,62,1,1,8,16,858.1,32,10,1,3,6,1,2,997.67,0,3.9,0,0,937.43,1,0
U10270,64,1,1,30,9,52.17,13,7,2,0,5,0,0,0,0,0,0,0,0,1,1
U10247,21,0,0,59,6,367.99,23,4,0,1,4,1,3,699.93,0.05,3.4,0,0,719.56,1,0
U10274,53,1,0,16,9,39.07,9,5,2,0,1,0,0,0,0,0,0,0,0,1,0
U10657,21,0,0,31,11,1232.74,27,4,3,1,2,1,2,964.55,0,3.3,1,1,914.25,1,0
U10290,55,1,2,10,6,279.42,20,6,0,0,0,0,0,0,0,0,0,0,0,1,0
U10362,53,1,0,2,7,81.29,22,13,1,2,0,1,0,671.75,0.05,3.7,0,0,680.48,1,0
U10380,44,1,1,78,1,373.58,13,6,2,1,1,0,0,0,0,0,0,0,0,2,0
U10333,64,1,0,29,6,201.44,20,10,3,2,3,0,0,0,0,0,0,0,0,1,0
U10113,26,1,1,39,6,95.15,14,9,3,4,5,0,0,0,0,0,0,0,0,1,0
U10486,45,0,3,26,4,207.53,9,4,3,1,2,0,0,0,0,0,0,0,0,1,1
U10244,55,0,0,1,6,135.6,9,8,3,0,2,0,0,0,0,0,0,0,0,0,0
U10528,29,1,0,53,11,676.33,16,5,0,0,1,0,0,0,0,0,0,0,0,1,0
U10594,50,1,0,11,14,458.46,29,7,1,1,3,1,3,484.95,0,3.1,0,0,532.92,0,0
U10788,24,0,2,41,13,778.98,37,5,2,2,1,1,4,252.19,0,3.4,1,0,229.1,1,0
U10387,30,1,1,55,11,1004.54,32,8,2,1,1,1,4,445.37,0,3.8,0,0,465.94,1,0
U10096,35,0,0,21,6,454.53,16,10,1,1,1,0,0,0,0,0,0,0,0,0,0
U10156,52,0,0,18,7,266.09,13,7,2,1,5,0,0,0,0,0,0,0,0,1,0
U10371,48,0,0,40,8,834.68,29,6,3,2,5,1,0,168.85,0,3.1,0,1,166.42,1,0
U10031,52,1,0,84,11,939.07,13,4,5,0,5,0,0,0,0,0,0,0,0,1,0
U10736,51,1,2,38,2,344.33,20,12,2,1,7,0,0,0,0,0,0,0,0,1,0
U10390,48,0,2,24,5,595.23,12,9,1,0,1,0,0,0,0,0,0,0,0,1,0
U10681,31,1,0,2,9,183.76,12,8,1,0,4,0,0,0,0,0,0,0,0,0,0
U10508,18,0,0,88,8,159.36,30,9,1,1,4,1,4,712.24,0,3,0,0,757.66,1,0
U10780,25,0,3,24,5,173.22,18,11,1,1,3,0,0,0,0,0,0,0,0,1,0
U10109,43,1,0,74,10,362.13,11,8,2,4,5,0,0,0,0,0,0,0,0,1,0
U10339,20,0,1,41,19,224.02,18,7,0,2,1,0,0,0,0,0,0,0,0,1,0
U10572,63,1,1,88,3,317.23,29,10,2,4,2,1,3,497.64,0.05,3.5,0,1,443.48,1,0
U10088,50,1,2,63,11,19.36,14,8,1,1,5,0,0,0,0,0,0,0,0,1,0
U10318,38,1,0,40,7,275.08,13,7,3,2,3,0,0,0,0,0,0,0,0,1,0
U10505,34,1,0,21,9,517.19,19,6,0,1,2,0,0,0,0,0,0,0,0,1,0
U10206,28,1,1,10,9,671.61,14,6,1,0,2,0,0,0,0,0,0,0,0,1,0
U10675,50,0,2,57,10,144.81,18,9,2,3,4,0,0,0,0,0,0,0,0,1,0
U10330,33,0,0,34,9,31.47,13,11,0,0,4,0,0,0,0,0,0,0,0,1,0
U10156,18,1,0,26,13,144.44,13,9,0,1,4,0,0,0,0,0,0,0,0,1,0
U10427,46,0,0,10,12,423.41,14,6,2,2,4,0,0,0,0,0,0,0,0,1,0
U10573,41,1,1,31,12,780.88,31,5,2,2,3,1,3,242.93,0,3.7,1,0,239.98,1,0
U10591,27,1,1,60,7,12.72,21,10,4,1,4,1,2,416.87,0.2,3.1,0,0,310.45,1,0
U10663,37,1,0,85,13,229.16,17,6,0,0,2,0,0,0,0,0,0,0,0,1,0
U10128,59,0,1,82,10,498.19,12,5,3,2,2,0,0,0,0,0,0,0,0,1,0
U10355,26,1,0,51,11,15.17,14,8,3,1,1,0,0,0,0,0,0,0,0,1,0
U10343,51,1,1,70,6,128.23,16,6,3,1,1,0,0,0,0,0,0,0,0,1,0
U10494,57,0,2,78,4,1486.14,18,9,0,1,3,0,0,0,0,0,0,0,0,2,0
U10010,43,0,1,56,7,525.23,14,9,0,2,3,1,2,306.8,0.05,3.3,0,1,271.84,1,1
U10451,19,1,1,80,6,36.14,31,10,2,1,5,1,1,881.74,0.05,4.1,0,1,879.84,1,0
U10316,35,1,1,64,16,126.05,17,8,1,1,3,0,0,0,0,0,0,0,0,1,0
U10198,37,1,2,31,11,223.61,9,14,2,1,3,0,0,0,0,0,0,0,0,1,0
U10059,19,1,1,20,7,373.67,11,9,1,2,4,0,0,0,0,0,0,0,0,1,0
U10759,56,0,0,49,10,108.61,9,6,0,0,6,0,0,0,0,0,0,0,0,1,0
U10626,43,0,0,60,14,569.03,28,9,3,1,2,1,2,659.24,0,4.2,0,0,713.24,1,0
U10308,55,0,0,78,7,397.67,15,6,2,0,0,0,0,0,0,0,0,0,0,1,0
U10448,48,1,2,82,8,571.64,19,11,2,0,4,1,2,418.64,0.1,3.3,0,0,383.3,1,0
U10642,56,1,1,83,7,258.98,16,4,4,0,2,0,0,0,0,0,0,0,0,1,1
U10064,45,1,0,62,9,617.53,26,7,3,0,3,1,4,973.39,0,3.8,0,0,880.85,1,0
U10556,53,0,1,46,6,363.61,13,10,0,0,3,0,0,0,0,0,0,0,0,1,0
U10275,57,1,3,76,10,153.08,15,3,5,0,3,0,0,0,0,0,0,0,0,1,0
U10187,36,1,1,57,11,605.75,26,7,1,1,3,1,1,144.27,0.15,4.2,0,0,114.31,1,0
U10336,32,0,0,21,14,203.88,29,6,1,0,3,1,3,292.55,0,4,0,1,267.78,1,0
U10121,23,0,0,1,11,578.79,18,5,3,2,1,1,0,790.99,0.05,3.6,0,0,732.8,1,0
U10748,61,1,1,4,9,8.36,11,10,2,1,4,0,0,0,0,0,0,0,0,1,0
U10209,23,1,0,12,5,1053.14,19,8,2,1,4,0,0,0,0,0,0,0,0,1,0
U10720,41,1,0,53,7,846.18,32,9,1,2,4,1,2,614.58,0,4.6,1,0,549.12,1,0
U10551,21,0,0,28,10,165.36,29,8,4,2,3,1,4,992.77,0.05,3.6,0,1,918.94,1,0
U10567,52,0,0,8,9,1568.17,30,6,2,1,0,1,3,518.53,0,4.5,0,0,514.46,1,0
U10170,48,1,2,68,7,48.34,18,13,2,2,3,0,0,0,0,0,0,0,0,1,0
U10298,60,0,1,47,11,206.86,13,9,1,0,3,0,0,0,0,0,0,0,0,1,0
U10231,35,0,1,43,7,59.86,18,11,2,1,1,0,0,0,0,0,0,0,0,1,0
U10553,40,1,1,89,14,178.85,19,11,2,0,1,0,0,0,0,0,0,0,0,1,0
U10429,38,0,2,55,4,540.75,36,10,1,1,2,1,4,861.2,0,3.2,0,0,934.45,1,0
U10083,56,1,1,58,12,89.81,16,9,3,0,3,0,0,0,0,0,0,0,0,1,0
U10466,20,0,1,66,6,468.93,14,10,2,0,5,0,0,0,0,0,0,0,0,1,0
U10686,39,0,0,79,10,360.72,14,12,5,1,1,0,0,0,0,0,0,0,0,1,0
U10766,55,1,0,11,9,98.19,16,6,2,0,4,0,0,0,0,0,0,0,0,1,0
U10296,59,1,1,1,13,79.22,17,7,3,0,3,0,0,0,0,0,0,0,0,0,0
U10418,41,1,0,4,15,219.14,16,7,0,2,3,0,0,0,0,0,0,0,0,0,0
U10478,33,1,1,51,8,1055.67,29,7,1,0,2,1,0,437.79,0,3.6,1,0,355.62,1,0
U10439,18,1,1,25,9,982.6,12,8,4,1,4,0,0,0,0,0,0,0,0,1,0
U10192,23,0,1,80,8,149.69,11,8,3,0,4,0,0,0,0,0,0,0,0,1,0
U10269,58,0,0,20,5,164.34,12,3,3,2,2,0,0,0,0,0,0,0,0,0,0
U10076,57,1,0,44,12,48.35,21,6,0,0,5,1,3,26.95,0.1,3.7,0,0,25.24,1,0
U10619,47,0,3,82,8,334.06,24,10,1,0,3,1,1,416.4,0,4.4,1,0,386.85,1,0
U10138,46,0,1,76,4,961.08,26,10,0,1,5,1,0,788.29,0,4.3,0,1,769.85,1,0
U10286,34,0,0,69,13,275.61,10,7,3,1,1,0,0,0,0,0,0,0,0,1,0
U10719,32,1,0,60,8,2725.8,23,9,1,1,4,1,0,489.13,0,4.5,1,0,442.61,1,0
U10160,62,0,4,9,9,288.55,18,13,2,0,4,0,0,0,0,0,0,0,0,0,0
U10242,35,1,0,29,11,210.92,11,8,2,1,3,0,0,0,0,0,0,0,0,1,1
U10141,53,0,1,57,4,233.45,26,9,1,0,3,0,0,0,0,0,0,0,0,1,0
U10693,54,1,0,39,9,40.23,23,3,1,0,3,1,1,164.5,0,3.1,0,0,173.17,1,0
U10306,43,0,0,33,14,1016.42,19,7,1,1,0,0,0,0,0,0,0,0,0,1,0
U10295,33,1,0,88,7,1012.31,16,7,3,1,3,1,2,565.55,0.05,3,0,1,491.71,1,0
U10139,39,0,2,28,11,678.11,26,8,1,1,2,1,3,744.15,0.1,3.3,0,0,643.13,1,0
U10520,22,0,0,36,5,607.87,26,6,1,1,1,1,1,231.8,0,3.9,1,1,209.47,1,0
U10502,46,1,2,14,12,103.05,20,9,0,2,2,0,0,0,0,0,0,0,0,1,0
U10694,45,0,0,13,10,58.42,26,9,3,0,3,1,2,338.12,0.1,4.3,1,1,289.73,1,0
U10381,30,1,0,21,9,44.93,28,12,3,1,2,1,1,379.83,0.05,3.3,1,0,303.23,1,0
U10727,50,1,0,22,1,229.43,17,9,0,1,4,0,0,0,0,0,0,0,0,1,0
U10273,33,0,0,7,7,782.24,25,7,0,1,5,0,0,0,0,0,0,0,0,1,0
U10014,27,0,4,41,7,50.58,16,11,2,1,6,1,4,281.56,0.15,3.3,0,0,250.8,1,0
U10405,55,1,2,74,10,10.24,16,4,0,0,3,0,0,0,0,0,0,0,0,1,0
U10004,19,0,1,51,5,30.32,14,3,1,2,2,0,0,0,0,0,0,0,0,1,0
U10558,49,1,1,25,3,269.05,27,5,7,0,4,1,4,807.24,0.15,4,0,0,738.19,1,0
U10690,40,0,2,13,7,828.69,10,5,0,2,0,0,0,0,0,0,0,0,0,1,0
U10589,35,0,0,31,12,246.77,9,10,0,2,2,0,0,0,0,0,0,0,0,1,0
U10747,58,0,2,40,8,256.59,14,10,1,1,2,0,0,0,0,0,0,0,0,1,0
U10557,52,1,0,18,10,648.66,16,7,3,0,2,0,0,0,0,0,0,0,0,1,0
U10184,50,0,1,32,4,714.38,21,6,2,1,1,1,4,632.44,0.1,4.9,0,1,519.48,1,0
U10208,55,0,3,71,4,189.59,16,7,1,3,1,0,0,0,0,0,0,0,0,2,1
U10178,37,1,2,63,11,1004.1,35,6,1,2,4,1,1,507.91,0.1,4.6,0,0,448.53,1,0
U10389,24,1,0,82,12,408.92,19,10,2,1,2,0,0,0,0,0,0,0,0,1,0
U10252,37,1,0,75,10,213.64,14,11,1,3,0,1,1,214.57,0,4.5,1,0,185.59,1,0
U10649,21,0,1,73,6,99.93,22,10,0,2,1,0,0,0,0,0,0,0,0,1,0
U10711,64,0,0,50,10,163.74,15,8,2,1,1,0,0,0,0,0,0,0,0,1,0
U10078,27,1,4,71,4,356.43,10,6,1,1,9,0,0,0,0,0,0,0,0,1,0
U10241,64,1,1,61,7,266.99,15,10,0,1,7,0,0,0,0,0,0,0,0,1,0
U10210,43,1,0,40,6,115.65,16,8,0,0,2,0,0,0,0,0,0,0,0,1,1
U10217,23,1,2,76,13,475.73,33,13,1,0,2,1,4,828.8,0,4.8,1,0,782.38,1,1
U10378,59,1,0,4,11,189.25,15,5,0,0,5,0,0,0,0,0,0,0,0,1,0
U10205,48,1,1,82,7,326.22,20,8,4,3,3,0,0,0,0,0,0,0,0,1,0
U10755,55,0,0,44,7,460.66,25,3,2,0,1,1,3,261.81,0,3,0,0,249.77,1,0
U10039,59,0,1,46,12,407.49,17,8,0,0,5,0,0,0,0,0,0,0,0,1,0
U10030,26,1,3,13,3,816.58,9,7,5,1,6,0,0,0,0,0,0,0,0,1,0
U10001,38,1,0,15,6,340.39,29,7,5,1,4,1,4,370.32,0,3.3,1,0,323.73,0,0
U10136,26,0,1,52,9,592.12,8,6,4,2,5,0,0,0,0,0,0,0,0,1,0
U10054,43,0,1,23,8,165.26,18,11,2,4,4,0,0,0,0,0,0,0,0,1,0
U10187,54,1,0,60,13,687.24,17,4,1,1,7,0,0,0,0,0,0,0,0,1,0
U10323,56,1,1,42,7,255.57,13,9,5,0,4,0,0,0,0,0,0,0,0,1,0
U10526,41,1,0,13,8,291.06,29,9,3,1,2,1,0,263.95,0.05,3.1,0,0,252.66,1,0
U10630,39,1,1,6,7,559.12,33,6,2,0,2,1,3,163.97,0.05,4.5,0,0,156.45,0,0
U10522,24,0,0,44,8,38.67,32,9,3,2,1,1,2,521.78,0.2,4.3,0,0,417.14,1,0
U10363,63,1,0,19,10,353.15,17,7,5,0,1,0,0,0,0,0,0,0,0,1,0
U10677,47,1,0,56,3,259.24,13,13,3,1,3,0,0,0,0,0,0,0,0,2,0
U10003,40,1,4,12,6,820.4,28,9,1,3,2,1,2,461.53,0,4.1,0,0,483.34,1,0
U10539,21,0,1,54,9,241.85,19,6,1,3,3,0,0,0,0,0,0,0,0,1,0
U10542,40,0,0,78,10,228.76,15,4,1,1,4,0,0,0,0,0,0,0,0,1,0
U10430,61,0,0,26,12,261,18,8,4,4,5,0,0,0,0,0,0,0,0,1,0
U10020,38,1,1,85,9,103.29,11,17,3,1,4,0,0,0,0,0,0,0,0,1,0
U10737,59,0,0,21,9,143.47,23,11,1,0,2,1,4,25.66,0,3.8,0,0,26.7,1,0
U10791,58,0,4,47,9,1057.96,26,9,2,1,4,1,2,928.82,0,4.8,0,1,924.35,1,0
U10738,20,1,2,40,4,693.68,26,6,2,1,1,1,3,464.68,0.05,4.4,0,1,401.25,1,0
U10294,31,1,0,69,14,281.95,15,9,0,1,1,0,0,0,0,0,0,0,0,1,0
U10200,19,1,2,7,8,857.41,32,12,1,2,5,1,3,882.26,0,3.8,0,0,834.34,1,0
U10765,26,1,1,22,13,15.41,20,5,2,3,5,0,0,0,0,0,0,0,0,1,0
U10058,44,1,0,88,5,3.8,9,4,0,0,5,0,0,0,0,0,0,0,0,1,1
U10321,49,0,4,25,10,842.69,20,6,3,1,1,1,3,679.74,0.1,3.6,1,0,568.41,1,1
U10481,21,0,3,45,12,35.72,12,5,2,0,3,0,0,0,0,0,0,0,0,1,0
U10359,38,1,1,82,6,265.66,10,7,3,2,3,0,0,0,0,0,0,0,0,1,0
U10063,50,0,1,78,6,122,9,9,4,2,5,0,0,0,0,0,0,0,0,1,0
U10388,48,1,0,22,7,49.96,14,10,0,0,4,0,0,0,0,0,0,0,0,0,0
U10628,21,0,0,39,12,148.12,18,7,2,1,1,0,0,0,0,0,0,0,0,1,0
U10409,27,1,0,6,15,318.31,34,6,3,1,3,1,3,326.76,0.1,4.1,0,0,282.21,0,1
U10100,52,1,1,47,12,0.79,14,7,1,2,5,0,0,0,0,0,0,0,0,1,0
U10168,29,0,1,64,7,10.06,12,5,2,0,2,0,0,0,0,0,0,0,0,1,1
U10575,26,1,1,15,9,473.72,15,10,1,0,1,0,0,0,0,0,0,0,0,1,0
U10750,55,1,3,5,12,884.33,17,12,3,1,2,1,0,735.11,0.1,4.7,1,0,620.48,0,0
U10724,58,1,1,57,7,246.66,13,7,2,1,2,0,0,0,0,0,0,0,0,1,0
U10560,50,1,1,81,9,154.12,25,9,0,1,1,1,3,48.95,0,3.6,1,0,45.06,1,0
U10354,51,0,1,48,4,108.51,9,5,2,0,3,0,0,0,0,0,0,0,0,1,1
U10436,37,1,0,84,8,135.03,18,11,0,2,4,0,0,0,0,0,0,0,0,1,0
U10715,52,1,3,29,12,840.72,13,8,5,0,3,0,0,0,0,0,0,0,0,1,0
U10660,44,1,1,26,7,245.02,18,1,5,1,4,0,0,0,0,0,0,0,0,1,0
U10243,25,0,0,13,9,539.01,34,7,1,0,3,1,3,395.17,0.05,4.4,0,0,410.86,1,0
U10461,37,1,0,23,4,365.65,15,5,3,2,5,0,0,0,0,0,0,0,0,1,0
U10717,47,1,1,56,6,673.6,20,8,3,1,4,0,0,0,0,0,0,0,0,1,0
U10428,30,1,0,51,9,204.84,11,8,1,0,2,0,0,0,0,0,0,0,0,1,0
U10644,56,0,0,85,12,1172.97,29,10,2,0,2,1,0,967.65,0,4.6,1,0,905.55,1,0
U10497,51,1,1,56,8,926.15,22,8,4,3,3,0,0,0,0,0,0,0,0,1,0
U10066,29,1,0,36,7,374.97,14,9,1,2,3,0,0,0,0,0,0,0,0,1,0
U10585,47,1,0,25,6,366.03,21,9,2,5,4,0,0,0,0,0,0,0,0,0,0
U10067,58,0,0,3,5,579.49,17,4,2,2,3,0,0,0,0,0,0,0,0,1,0
U10716,55,1,1,59,9,104.98,11,8,3,0,7,0,0,0,0,0,0,0,0,1,0
U10593,55,0,2,56,14,222.7,15,11,2,0,2,0,0,0,0,0,0,0,0,1,0
U10012,60,0,0,58,8,213.69,18,5,4,0,4,0,0,0,0,0,0,0,0,1,0
U10398,23,1,0,28,9,413.97,7,6,6,0,4,0,0,0,0,0,0,0,0,1,0
U10584,51,0,0,50,4,733.91,26,15,2,2,4,1,3,200.2,0.05,3.1,0,0,207.26,1,0
U10043,51,0,1,78,8,71.55,15,4,1,1,4,0,0,0,0,0,0,0,0,1,0
U10331,48,0,2,43,14,817.98,14,7,0,0,3,0,0,0,0,0,0,0,0,1,0
U10682,60,1,2,83,6,775.62,9,5,3,0,2,0,0,0,0,0,0,0,0,1,0
U10230,34,0,0,62,10,100.7,11,9,4,0,3,0,0,0,0,0,0,0,0,1,0
U10592,37,0,0,8,4,217.39,12,6,0,0,4,0,0,0,0,0,0,0,0,1,0
U10681,23,1,0,5,3,107.41,15,4,3,1,2,0,0,0,0,0,0,0,0,1,0
U10546,39,1,0,32,7,310.16,18,10,2,3,1,0,0,0,0,0,0,0,0,1,0
U10432,31,0,1,14,7,42.58,17,8,2,1,3,0,0,0,0,0,0,0,0,1,0
U10361,33,1,0,80,12,269.67,18,9,0,3,3,0,0,0,0,0,0,0,0,1,0
U10014,28,0,0,14,6,309.02,17,7,2,1,3,0,0,0,0,0,0,0,0,1,0
U10742,40,1,3,2,7,25.29,14,8,2,2,6,0,0,0,0,0,0,0,0,0,0
U10292,29,0,0,40,7,747.62,26,13,2,2,2,1,3,908.74,0,3.9,0,0,903.14,1,0
U10237,18,0,0,26,13,146.53,14,6,2,1,2,0,0,0,0,0,0,0,0,1,0
U10327,38,0,1,32,8,18.94,10,11,3,0,2,0,0,0,0,0,0,0,0,1,0
U10002,52,0,0,75,6,252.85,15,5,3,2,3,0,0,0,0,0,0,0,0,1,0
U10006,49,1,2,70,7,893.38,20,10,1,0,1,1,3,699.6,0.15,4.1,0,1,611.56,1,0
U10288,53,0,1,8,9,62.72,16,8,1,2,0,0,0,0,0,0,0,0,0,0,0
U10277,62,0,0,48,9,1758.47,27,9,2,1,3,1,0,971.56,0.2,4.2,0,1,788.17,1,0
U10382,22,1,0,19,9,248.61,9,8,3,1,4,0,0,0,0,0,0,0,0,1,0
U10215,24,0,0,2,4,39.9,32,9,3,0,0,1,1,642.91,0,4.5,0,1,612.3,1,0
U10347,34,1,1,8,11,272.38,18,7,0,0,0,0,0,0,0,0,0,0,0,1,0
U10465,52,0,0,78,12,166.24,18,7,1,2,4,0,0,0,0,0,0,0,0,1,0
U10652,23,0,2,37,9,344.73,16,7,3,0,5,0,0,0,0,0,0,0,0,1,0
U10224,44,1,1,34,12,135.9,12,8,4,2,4,0,0,0,0,0,0,0,0,1,0
U10291,28,1,0,52,11,544.34,21,7,2,0,6,1,1,578.98,0.1,3.2,1,0,486.79,1,0
U10704,62,1,0,51,13,918.42,11,13,0,1,3,0,0,0,0,0,0,0,0,1,0
U10367,52,1,1,50,6,387.38,25,11,1,0,1,1,0,364.41,0,3.1,0,1,345.39,1,0
U10772,39,1,3,30,9,187.13,14,4,4,2,1,0,0,0,0,0,0,0,0,1,0
U10447,42,1,0,57,9,586.33,13,5,1,0,3,0,0,0,0,0,0,0,0,1,0
U10240,26,1,0,25,6,600.23,20,8,1,1,2,0,0,0,0,0,0,0,0,1,0
U10776,28,0,0,55,6,15.45,47,11,4,1,2,1,0,542.67,0.15,4.5,0,0,462,1,0
U10256,19,0,1,23,6,3.09,9,9,5,2,4,0,0,0,0,0,0,0,0,1,0
U10025,21,0,0,40,6,33.39,11,11,2,0,5,0,0,0,0,0,0,0,0,1,0
U10418,35,0,0,8,10,227.72,19,16,0,0,2,0,0,0,0,0,0,0,0,1,0
U10047,58,1,0,68,0,628.09,27,5,2,0,3,1,4,114.04,0,4.9,1,1,97.04,3,0
U10106,29,0,1,48,4,83.47,18,7,4,1,5,0,0,0,0,0,0,0,0,1,0
U10055,37,0,0,59,9,1534.25,24,8,1,0,2,1,0,918.68,0,3.6,0,0,924.59,1,0
U10647,40,1,1,73,7,620.65,13,9,5,1,2,0,0,0,0,0,0,0,0,1,0
U10213,46,1,0,3,6,951.65,11,8,4,0,5,0,0,0,0,0,0,0,0,1,0
U10120,44,1,1,86,11,949.74,14,6,1,0,4,0,0,0,0,0,0,0,0,1,0
U10548,52,1,2,69,12,61.72,12,12,4,0,1,0,0,0,0,0,0,0,0,1,0
U10214,27,0,0,67,6,947.67,18,10,2,2,0,0,0,0,0,0,0,0,0,1,1
U10422,55,0,2,48,13,515.75,11,17,2,2,0,0,0,0,0,0,0,0,0,1,0
U10072,55,1,0,70,7,286.3,29,8,2,0,0,0,0,0,0,0,0,0,0,1,0
U10674,57,0,1,65,4,679.04,42,7,3,2,3,1,2,231.67,0.1,4.3,1,0,191.33,2,0
U10532,52,0,0,67,11,119.23,14,6,5,0,1,0,0,0,0,0,0,0,0,1,0
U10654,40,1,1,87,3,349.9,19,9,0,0,5,0,0,0,0,0,0,0,0,1,0
U10449,27,0,0,75,6,243.68,34,9,3,0,6,1,4,593.77,0.1,3,0,0,537.91,1,0
U10484,53,0,0,42,9,399.36,30,11,2,2,1,1,1,520.79,0,4.2,0,0,554.77,1,0
U10700,19,1,2,22,14,118.67,18,7,3,0,1,0,0,0,0,0,0,0,0,1,0
U10342,43,0,1,2,7,806.5,32,7,3,2,4,1,2,898.3,0,4.8,1,1,780.05,1,0
U10394,58,0,0,80,8,665.33,29,7,3,1,5,1,4,902.6,0,4.3,0,0,868.47,1,0
U10021,62,0,1,19,6,301.99,17,7,4,1,1,0,0,0,0,0,0,0,0,1,0
U10695,37,1,2,27,6,103.62,26,11,0,2,5,1,4,71,0,4.4,0,0,76.05,1,1
U10746,50,1,0,35,12,338.38,24,9,2,1,4,1,3,817.7,0.1,4.2,0,1,800.09,1,0
U10433,59,1,0,18,8,29.09,21,5,0,0,2,0,0,0,0,0,0,0,0,1,0
U10618,41,0,0,87,10,61.95,21,4,1,0,4,0,0,0,0,0,0,0,0,1,0
U10344,54,0,1,52,10,58.9,15,7,1,0,7,0,0,0,0,0,0,0,0,1,0
U10673,62,1,0,56,7,151.56,13,9,0,1,3,0,0,0,0,0,0,0,0,1,0
U10060,27,0,1,73,11,124.24,16,12,0,1,5,0,0,0,0,0,0,0,0,1,0
U10032,63,0,2,73,7,54.95,9,5,7,2,4,0,0,0,0,0,0,0,0,1,0
U10092,22,1,3,62,12,31.45,29,5,1,1,4,1,0,895.28,0,5,0,0,953.27,1,0
U10592,40,1,1,46,9,113.57,32,6,1,2,1,1,1,870.27,0,3.1,1,0,853.37,1,0
U10319,39,1,2,89,10,1134.07,16,4,1,0,2,0,0,0,0,0,0,0,0,1,0
U10475,34,0,1,52,10,322.52,16,7,1,1,2,0,0,0,0,0,0,0,0,1,0
U10280,41,1,1,31,10,71.42,31,9,2,1,2,1,4,190.17,0,4.1,0,0,193.28,1,1
U10339,27,1,1,55,4,6.78,11,9,1,1,1,0,0,0,0,0,0,0,0,1,0
U10650,40,1,2,79,6,91.97,17,9,4,1,3,0,0,0,0,0,0,0,0,1,0
U10768,62,0,0,54,12,61.7,16,10,2,1,5,0,0,0,0,0,0,0,0,1,0
U10182,29,1,0,6,8,833.76,15,7,2,3,2,0,0,0,0,0,0,0,0,1,0
U10688,51,0,0,3,12,695.22,11,8,3,2,6,0,0,0,0,0,0,0,0,0,1
U10477,47,1,0,62,7,195.97,21,7,2,0,5,0,0,0,0,0,0,0,0,1,0
U10110,28,0,0,41,11,83.05,25,9,0,2,5,1,2,768.77,0,3.3,1,0,684.42,1,0
U10639,59,0,1,66,4,132.14,24,1,3,0,3,1,4,644.53,0.1,4.4,0,0,606.33,1,0
U10574,64,0,0,66,8,699.38,12,8,0,3,2,0,0,0,0,0,0,0,0,1,0
U10578,30,0,0,70,5,134.4,18,8,1,0,4,0,0,0,0,0,0,0,0,1,0
U10533,18,1,0,63,8,788.21,9,5,4,2,1,0,0,0,0,0,0,0,0,1,0
U10782,36,0,0,64,8,114.7,20,4,4,2,4,0,0,0,0,0,0,0,0,1,0
U10062,36,1,0,74,6,182.58,10,10,2,1,0,0,0,0,0,0,0,0,0,1,0
U10261,29,1,0,65,6,66.34,15,4,3,0,2,0,0,0,0,0,0,0,0,1,0
U10387,56,0,0,64,9,1324.8,36,8,1,0,3,1,0,568.76,0.05,4.9,0,0,508.1,1,0
U10587,62,1,1,42,11,292.11,15,5,3,0,5,0,0,0,0,0,0,0,0,1,0
U10605,60,0,2,11,8,944.54,26,7,5,0,5,1,1,663.67,0.1,4.1,0,1,613.83,1,0
U10582,41,1,0,82,7,204.92,23,6,2,0,2,0,0,0,0,0,0,0,0,1,0
U10683,52,0,0,24,6,354.69,12,13,1,0,2,0,0,0,0,0,0,0,0,1,0
U10137,33,0,0,28,8,632.25,29,7,0,1,0,1,0,390.58,0,4.5,1,0,325.89,1,0
U10047,40,0,4,85,10,120.72,15,7,2,0,2,0,0,0,0,0,0,0,0,1,0
U10406,59,1,0,17,6,632.51,34,8,1,1,4,1,3,347.96,0,4.9,0,0,337.06,1,0
U10095,49,0,0,37,4,555.24,29,10,2,2,2,1,2,413.88,0.05,3.7,0,0,427.28,1,0
U10617,27,1,1,6,10,166.1,23,4,0,0,2,1,3,917.38,0,3.8,1,0,757.85,1,0
U10714,50,1,0,87,10,1009.07,12,5,0,1,4,0,0,0,0,0,0,0,0,1,0
U10474,54,0,0,29,9,260.22,20,6,4,0,3,1,4,20.24,0.1,3.7,0,0,18.69,0,0
U10029,64,0,0,44,7,1964.34,30,13,2,1,2,1,1,158.28,0,3.9,0,0,173.46,1,0
U10745,54,0,0,81,6,138.35,29,8,1,1,7,1,1,483.25,0,4.7,0,0,509.75,1,0
U10165,26,1,0,16,5,624.28,13,9,0,0,8,0,0,0,0,0,0,0,0,0,0
U10248,30,0,0,82,6,244.34,25,6,0,0,2,1,0,976.38,0.15,3.5,0,0,880.75,1,0
U10307,52,1,0,58,11,1367.09,28,8,4,1,2,1,0,156.68,0.05,4.5,0,0,163.07,1,0
U10346,64,0,0,1,6,666.14,20,6,2,2,0,1,4,165.37,0,4.3,0,1,178.17,1,0
U10334,48,1,0,85,9,3576.65,30,9,2,1,0,1,0,666.4,0.15,3.2,0,1,596.98,1,0
U10413,54,1,0,38,9,530.75,17,3,4,1,0,0,0,0,0,0,0,0,0,1,0
U10387,23,1,1,43,8,296.88,18,9,1,2,6,0,0,0,0,0,0,0,0,1,0
U10461,59,0,0,67,11,404.47,18,9,5,0,1,0,0,0,0,0,0,0,0,1,0
U10377,52,0,0,57,8,435.83,14,5,4,2,2,0,0,0,0,0,0,0,0,1,0
U10406,22,1,0,22,11,307.03,18,11,1,3,4,0,0,0,0,0,0,0,0,1,0
U10134,59,0,0,64,11,2252.54,33,6,2,0,8,1,2,316.28,0.15,3,0,0,269.41,1,0
U10519,57,1,2,12,12,121.38,12,7,3,2,6,0,0,0,0,0,0,0,0,1,0
U10460,61,1,1,78,10,241.58,17,5,2,2,3,0,0,0,0,0,0,0,0,1,0
U10722,44,1,0,51,7,764.75,11,12,2,2,4,0,0,0,0,0,0,0,0,1,0
U10622,40,1,1,34,4,19.19,13,7,2,1,5,0,0,0,0,0,0,0,0,1,0
U10065,44,1,0,83,9,757.51,30,13,2,1,4,1,3,89.75,0.05,3.6,1,0,83.96,1,0
U10423,40,1,4,13,5,0.4,13,11,2,0,2,0,0,0,0,0,0,0,0,0,0
U10506,62,1,4,59,13,351.56,18,7,2,2,3,0,0,0,0,0,0,0,0,1,0
U10206,45,0,0,52,6,231.26,10,4,3,0,1,0,0,0,0,0,0,0,0,1,0
U10498,46,0,0,15,8,254.48,12,17,2,0,4,0,0,0,0,0,0,0,0,0,0
U10254,29,1,0,12,11,53.32,15,14,3,0,4,0,0,0,0,0,0,0,0,1,0
U10776,31,1,0,83,7,372.07,19,8,3,2,2,0,0,0,0,0,0,0,0,1,0
U10312,36,1,0,17,3,189.62,17,6,2,0,1,0,0,0,0,0,0,0,0,1,0
U10435,41,1,2,33,6,805.54,15,6,1,1,2,0,0,0,0,0,0,0,0,1,0
U10221,38,0,0,32,10,193.1,16,7,1,1,2,0,0,0,0,0,0,0,0,1,0
U10235,56,0,1,32,6,95.94,12,16,2,1,3,0,0,0,0,0,0,0,0,1,0
U10216,42,1,0,36,9,99.03,15,5,1,0,6,0,0,0,0,0,0,0,0,1,0
U10645,60,0,0,36,8,224.29,15,7,0,0,3,0,0,0,0,0,0,0,0,1,0
U10305,57,1,4,42,13,118.58,16,12,0,2,5,0,0,0,0,0,0,0,0,1,0
U10411,26,1,0,34,17,149.34,12,8,0,0,1,0,0,0,0,0,0,0,0,1,0
U10696,42,1,2,36,6,97.3,13,5,2,0,0,0,0,0,0,0,0,0,0,1,0
U10161,64,0,0,42,6,434.69,14,5,2,1,3,0,0,0,0,0,0,0,0,1,0
U10249,54,1,2,4,12,46.79,16,8,1,1,2,0,0,0,0,0,0,0,0,0,0
U10491,47,1,0,3,8,249.86,16,9,1,1,3,0,0,0,0,0,0,0,0,1,0
U10534,27,1,0,32,9,439.08,13,11,2,1,1,0,0,0,0,0,0,0,0,1,0
U10071,25,1,0,60,7,497.83,14,11,4,0,1,0,0,0,0,0,0,0,0,1,0
U10094,26,0,4,67,10,68.99,11,13,3,1,3,0,0,0,0,0,0,0,0,1,0
U10013,24,1,3,46,7,323.39,25,9,1,0,1,0,0,0,0,0,0,0,0,1,0
U10033,58,1,0,89,12,248.74,18,13,2,1,3,0,0,0,0,0,0,0,0,1,0
U10773,59,0,2,64,8,458.51,30,7,4,1,5,1,0,291.98,0.15,3,0,0,231.43,1,0
U10385,20,1,0,56,9,579.94,30,5,2,1,1,1,4,660.17,0,4.9,0,1,624.86,1,0
U10259,58,0,0,81,5,193.27,16,8,1,1,1,0,0,0,0,0,0,0,0,1,0
U10204,36,1,0,36,3,91.11,26,6,1,0,5,1,1,130.48,0.05,4.5,0,1,119.61,2,0
U10513,40,1,1,57,6,39.11,15,7,0,0,6,0,0,0,0,0,0,0,0,1,0
U10743,51,1,2,54,9,350.13,21,7,1,0,3,0,0,0,0,0,0,0,0,1,0
U10493,48,1,0,37,8,1093.06,15,7,3,1,2,0,0,0,0,0,0,0,0,1,0
U10365,63,0,3,83,8,117.94,12,5,4,1,6,0,0,0,0,0,0,0,0,1,0
U10077,54,0,0,10,4,46.4,10,9,1,2,1,0,0,0,0,0,0,0,0,1,0
U10084,20,1,0,40,8,236.15,15,9,1,3,4,0,0,0,0,0,0,0,0,1,0
U10457,47,1,3,42,5,0.1,15,6,1,1,7,0,0,0,0,0,0,0,0,1,0
U10082,35,1,1,38,5,1034.48,27,5,2,2,1,1,4,366.92,0.2,3.9,0,0,271.68,1,0
U10201,58,0,1,70,7,241.34,17,7,6,0,3,0,0,0,0,0,0,0,0,1,0
U10554,46,0,0,65,6,78.38,22,9,5,0,4,0,0,0,0,0,0,0,0,1,0
U10130,49,0,3,8,7,784.43,17,7,0,2,4,0,0,0,0,0,0,0,0,0,0
U10665,45,1,1,58,7,39.43,14,8,3,0,3,0,0,0,0,0,0,0,0,1,0
U10769,58,0,1,38,10,218.35,10,10,1,1,2,0,0,0,0,0,0,0,0,1,0
U10479,59,0,0,17,5,300.99,17,10,1,2,9,0,0,0,0,0,0,0,0,0,0
U10725,64,0,2,12,9,301.93,16,6,1,1,7,0,0,0,0,0,0,0,0,1,0
U10350,63,0,3,34,9,6.53,26,5,3,1,3,1,3,275.28,0.15,3.7,0,0,241.22,1,0
U10442,50,0,0,51,5,226.03,23,7,0,0,2,0,0,0,0,0,0,0,0,1,0
U10005,47,0,3,55,12,369.46,18,11,3,2,5,0,0,0,0,0,0,0,0,1,0
U10310,27,1,1,28,9,1340.27,17,6,0,1,3,0,0,0,0,0,0,0,0,1,0
U10404,21,0,0,51,7,1016.87,13,5,0,0,5,0,0,0,0,0,0,0,0,1,0
U10733,18,1,0,44,11,542.09,15,9,3,1,6,0,0,0,0,0,0,0,0,1,0
U10508,56,0,0,37,4,523.56,18,9,1,0,3,1,1,238.65,0.05,3.2,0,0,242.7,1,0
U10104,53,0,1,28,10,240.67,11,6,1,3,6,0,0,0,0,0,0,0,0,1,0
U10097,64,1,0,63,12,57.95,12,9,5,1,6,0,0,0,0,0,0,0,0,1,0
U10425,33,1,0,71,8,412.75,29,9,1,1,6,1,2,928.26,0,3.5,0,0,992.48,1,0
U10339,48,0,2,38,9,451.37,11,6,0,3,3,0,0,0,0,0,0,0,0,1,0
U10314,62,0,1,32,11,28.74,10,9,4,1,2,0,0,0,0,0,0,0,0,1,0
U10549,34,0,0,46,11,121.07,19,5,0,0,2,0,0,0,0,0,0,0,0,1,0
U10545,21,0,0,55,4,1124.12,19,9,2,1,1,1,1,404.94,0.15,4,1,0,313.33,1,0
U10062,64,0,2,51,8,232.58,16,5,1,0,3,0,0,0,0,0,0,0,0,1,0
U10281,42,0,3,61,6,217.22,6,13,1,1,2,0,0,0,0,0,0,0,0,1,0
U10768,54,0,4,14,6,128.78,24,15,2,3,3,0,0,0,0,0,0,0,0,0,0
U10266,33,1,3,80,3,662.09,26,8,6,1,4,0,0,0,0,0,0,0,0,1,0
U10599,33,1,0,27,5,576.76,19,8,4,1,4,0,0,0,0,0,0,0,0,1,0
U10238,63,1,0,89,6,675.29,16,10,4,3,3,0,0,0,0,0,0,0,0,1,0
U10482,34,1,2,87,6,100.99,12,3,1,1,3,0,0,0,0,0,0,0,0,1,0
U10145,20,1,2,29,9,599.27,34,13,4,2,5,1,1,578.43,0,4.5,0,0,631.99,1,0
U10064,30,1,0,61,6,1850,22,4,1,0,2,1,1,575.27,0.1,3.8,0,0,520.21,1,0
U10490,49,1,0,46,5,1118.26,27,8,0,1,5,1,1,535.43,0,3.3,0,0,561.15,1,0
U10668,20,0,3,86,6,144.6,15,9,3,0,4,0,0,0,0,0,0,0,0,1,0
U10118,37,1,0,27,9,11.24,19,8,5,1,3,0,0,0,0,0,0,0,0,1,0
U10723,22,0,2,78,11,171.84,25,12,1,1,4,1,1,156.98,0,3.1,0,0,164.28,1,0
U10670,21,0,2,18,11,193.87,18,12,3,1,2,0,0,0,0,0,0,0,0,1,0
U10250,58,1,3,48,8,210.7,10,12,3,2,1,0,0,0,0,0,0,0,0,1,0
U10241,48,1,2,72,6,288.77,8,7,1,0,3,0,0,0,0,0,0,0,0,1,0
U10285,37,1,0,33,7,1.4,19,11,0,2,3,0,0,0,0,0,0,0,0,1,0
U10311,31,1,1,82,14,946.93,30,12,3,0,5,1,3,900.83,0.1,4.6,1,1,741.53,1,0
U10009,35,1,0,18,6,92.5,17,8,0,2,2,0,0,0,0,0,0,0,0,1,1
U10799,50,0,4,11,7,248.96,24,11,2,1,3,0,0,0,0,0,0,0,0,1,0
U10302,62,0,3,44,3,490.54,12,6,2,1,4,0,0,0,0,0,0,0,0,1,0
U10196,48,0,0,80,13,60.52,10,8,1,2,3,0,0,0,0,0,0,0,0,1,0
U10783,32,0,2,78,6,472.23,14,7,2,1,5,0,0,0,0,0,0,0,0,1,0
U10370,24,1,0,48,9,1238.4,32,9,2,1,6,1,2,257.55,0,4.8,0,0,269.08,1,0
U10081,62,0,3,75,10,634.21,10,8,2,1,2,0,0,0,0,0,0,0,0,1,0
U10389,57,0,0,11,6,1018.14,12,11,2,0,2,0,0,0,0,0,0,0,0,1,0
U10581,52,1,0,7,10,197.02,17,11,3,1,0,0,0,0,0,0,0,0,0,0,0
U10632,42,1,3,1,5,126,28,8,0,1,3,1,0,681.55,0.1,4.4,1,0,573.41,0,0
U10435,56,0,0,87,9,2319.12,28,8,1,2,2,1,1,165.73,0.1,3.4,1,0,133,1,0
U10629,60,0,1,11,9,243.06,22,8,1,1,2,0,0,0,0,0,0,0,0,1,0
U10621,54,0,1,39,8,197.82,20,12,1,2,3,0,0,0,0,0,0,0,0,1,0
U10239,57,1,1,85,14,257.88,23,14,2,2,3,1,1,65.59,0.05,3.5,0,0,67.48,1,0
U10464,38,0,0,87,10,414.42,12,6,3,2,3,0,0,0,0,0,0,0,0,1,0
U10211,39,0,1,46,8,414,31,8,3,1,2,1,2,569.43,0.1,4.5,0,0,552.53,1,0
U10643,60,0,0,76,7,5.94,12,6,2,0,3,0,0,0,0,0,0,0,0,1,0
U10772,49,1,0,13,9,67.43,12,10,0,2,3,0,0,0,0,0,0,0,0,1,0
U10144,52,0,0,39,5,155.26,19,4,2,1,5,0,0,0,0,0,0,0,0,1,0
U10689,27,1,1,68,9,52.4,12,6,3,1,4,0,0,0,0,0,0,0,0,1,0
U10472,48,0,2,27,5,88.82,7,11,0,2,1,0,0,0,0,0,0,0,0,1,0
U10615,61,0,0,1,9,958.65,32,8,4,0,10,1,0,579.84,0,4.2,0,0,567.56,1,0
U10227,34,0,0,60,4,286.63,33,8,1,0,2,1,3,951.25,0.1,4.9,0,0,917.76,2,0
U10040,38,1,3,41,11,351.7,23,9,2,0,2,1,3,635.05,0.1,4.1,0,0,561.35,1,0
U10666,60,1,2,75,13,32.72,21,10,2,0,1,1,2,913.16,0.05,3.5,1,0,844.01,1,0
U10535,37,0,2,39,8,363.31,17,7,3,0,4,0,0,0,0,0,0,0,0,1,0
U10027,52,1,0,85,6,151.06,16,9,1,1,3,0,0,0,0,0,0,0,0,1,0
U10177,55,0,0,64,13,119.86,29,13,5,3,5,1,2,297.67,0.2,4.5,1,0,204.64,1,0
U10315,52,1,0,22,10,146.11,13,9,6,0,0,0,0,0,0,0,0,0,0,1,0
U10740,47,0,2,27,12,1853.48,19,5,1,2,2,1,4,201.63,0.1,3.1,0,0,192.16,0,0
U10135,30,0,0,72,5,39.62,14,7,1,0,1,0,0,0,0,0,0,0,0,1,0
U10631,28,1,0,30,9,203.44,8,6,6,1,3,0,0,0,0,0,0,0,0,1,0
U10590,32,1,3,56,3,430.8,18,8,3,1,0,0,0,0,0,0,0,0,0,1,0
U10523,51,0,1,60,9,71.01,18,4,3,1,6,0,0,0,0,0,0,0,0,1,0
U10121,21,0,1,45,8,27.17,13,9,2,6,1,0,0,0,0,0,0,0,0,1,0
U10007,58,1,1,87,7,15.22,20,6,4,1,3,0,0,0,0,0,0,0,0,1,0
U10726,28,1,0,2,7,4.57,21,7,0,0,4,0,0,0,0,0,0,0,0,0,0
U10155,34,1,1,14,2,78.44,14,8,0,3,4,0,0,0,0,0,0,0,0,1,0
U10760,54,0,0,32,11,665.32,32,5,3,1,2,1,2,651.59,0.15,3.2,0,1,554.56,1,0
U10560,43,0,1,61,6,110.34,12,12,5,2,0,0,0,0,0,0,0,0,0,1,0
U10357,31,1,1,50,12,15.7,17,8,2,0,1,0,0,0,0,0,0,0,0,1,0
U10527,39,0,1,62,6,471.66,17,13,3,3,2,0,0,0,0,0,0,0,0,1,0
U10732,21,0,0,47,5,929.22,23,8,3,1,6,1,3,156.17,0.15,4.9,0,0,133.73,1,0
U10223,61,0,0,23,8,314.84,17,6,1,1,3,0,0,0,0,0,0,0,0,1,0
U10329,51,0,0,6,8,2154.57,18,9,5,0,5,1,1,980.85,0.2,4,1,0,639.3,1,0
U10741,38,0,0,47,13,463.04,11,5,0,1,4,0,0,0,0,0,0,0,0,1,0
U10458,26,1,0,33,4,46.84,15,8,1,2,7,0,0,0,0,0,0,0,0,1,0
U10501,29,0,1,61,8,252.05,7,10,2,1,3,0,0,0,0,0,0,0,0,1,0
U10748,27,0,0,7,7,75.62,15,8,3,2,5,0,0,0,0,0,0,0,0,1,0
U10504,22,0,2,34,5,4303.44,20,12,1,1,2,1,1,724.89,0.05,3.5,1,0,642.24,1,0
U10384,34,0,3,86,7,965.18,7,6,0,1,0,0,0,0,0,0,0,0,0,1,0
U10613,40,0,0,76,7,640.47,33,11,2,0,1,1,4,106.97,0,4.8,0,0,111.58,1,0
U10730,29,1,0,69,8,236.9,13,5,2,1,6,0,0,0,0,0,0,0,0,1,0
U10243,43,1,1,28,7,156.02,12,10,2,1,4,0,0,0,0,0,0,0,0,1,0
U10525,55,0,1,17,9,231.17,20,8,0,0,3,0,0,0,0,0,0,0,0,1,0
U10540,47,1,1,19,10,183.45,14,10,3,0,3,0,0,0,0,0,0,0,0,1,0
U10747,30,0,0,28,12,71.49,15,8,4,2,3,0,0,0,0,0,0,0,0,1,0
U10013,32,1,0,17,8,554.73,28,6,1,0,2,1,4,899.22,0,4.1,0,1,976.61,1,0
U10733,18,0,0,89,11,52.48,15,8,0,0,2,0,0,0,0,0,0,0,0,1,0
U10596,36,1,2,11,10,26.55,19,5,4,0,4,0,0,0,0,0,0,0,0,0,0
U10678,52,0,1,59,7,73.44,9,7,0,1,2,0,0,0,0,0,0,0,0,1,0
U10401,21,1,0,1,9,669.06,10,9,0,1,2,0,0,0,0,0,0,0,0,0,0
U10440,26,0,1,12,6,214.09,22,9,1,2,6,1,0,107.73,0,4.8,1,0,93.15,0,0
U10753,19,1,2,55,8,69.73,18,11,0,0,2,1,0,142.7,0.1,4.4,0,0,128.51,1,0
U10128,19,1,0,33,16,23.43,13,8,2,0,2,0,0,0,0,0,0,0,0,0,0
U10345,24,0,0,79,8,299.65,16,7,0,3,6,0,0,0,0,0,0,0,0,1,0
U10163,60,1,1,47,12,707.62,20,9,6,1,4,0,0,0,0,0,0,0,0,1,0
U10228,46,0,4,74,4,160.73,41,7,0,2,3,1,2,905.15,0.05,4.1,1,0,779.58,1,0
U10541,36,0,1,85,7,3086.99,28,9,3,0,4,1,1,613.47,0,4.1,0,1,599.6,1,0
U10725,53,0,0,41,13,201.15,30,7,1,3,1,1,3,775.59,0.1,4,1,0,585.09,1,0
U10212,63,0,0,31,6,231.42,19,4,2,2,3,0,0,0,0,0,0,0,0,1,0
U10645,63,0,1,31,5,854.69,29,7,1,2,2,1,2,609.46,0,3.4,0,1,643.79,1,0
U10079,31,1,1,36,4,123.99,14,6,0,0,3,0,0,0,0,0,0,0,0,1,0
U10148,21,1,0,88,6,128.82,23,11,4,2,3,0,0,0,0,0,0,0,0,1,0
U10531,54,0,1,72,7,93.48,12,10,1,1,2,0,0,0,0,0,0,0,0,1,0
U10529,37,1,0,49,6,270.04,24,9,3,0,1,1,4,668.77,0,4.8,0,1,615.93,1,0
U10133,33,1,1,26,7,585.82,10,11,1,1,1,0,0,0,0,0,0,0,0,1,0
U10273,54,0,0,19,5,710.67,22,7,0,0,0,0,0,0,0,0,0,0,0,0,0
U10408,36,1,1,59,6,540.03,31,9,1,1,2,1,4,690.95,0.15,3.8,0,1,547.56,1,0
U10779,60,0,1,51,10,280.25,19,8,0,1,3,0,0,0,0,0,0,0,0,1,0
U10507,30,0,0,29,4,120.14,18,6,3,0,1,0,0,0,0,0,0,0,0,1,0
U10786,42,0,1,68,6,93.16,14,11,4,2,2,0,0,0,0,0,0,0,0,1,0
U10504,63,0,0,87,9,155.72,19,8,3,1,2,0,0,0,0,0,0,0,0,1,0
U10713,54,1,1,72,12,257.99,21,9,1,0,4,0,0,0,0,0,0,0,0,1,0
U10347,58,1,2,15,6,32.81,21,8,1,2,4,0,0,0,0,0,0,0,0,1,0
U10748,63,1,0,66,8,289.44,13,12,0,1,6,0,0,0,0,0,0,0,0,1,0
U10000,64,0,3,45,13,869.39,33,8,1,1,2,1,2,412.85,0.1,4.3,0,1,352.65,1,0
U10360,43,0,2,16,13,205.71,16,10,0,0,4,0,0,0,0,0,0,0,0,1,0
U10230,52,0,4,64,14,1058.24,13,13,1,0,4,0,0,0,0,0,0,0,0,1,0
U10475,46,1,0,54,9,215.14,25,8,3,1,5,1,0,56.48,0.15,4.8,0,0,51.23,1,0
U10701,21,0,2,36,11,146.55,11,11,2,0,2,0,0,0,0,0,0,0,0,1,0
U10484,21,1,0,8,9,15.57,40,3,0,2,3,1,1,592.16,0,3.3,0,0,552.11,1,0
U10172,49,1,0,15,3,156.54,31,10,3,2,0,1,3,58.42,0,3.4,0,0,60.94,1,0
U10450,24,0,0,84,7,68.01,30,9,2,1,1,1,2,843.5,0,4.8,0,0,924.85,1,0
U10125,38,0,1,21,6,716.57,36,5,4,0,8,1,0,161.4,0,4.3,0,0,147.17,1,0
U10577,35,1,1,2,5,207.3,11,3,1,0,3,0,0,0,0,0,0,0,0,0,0
U10530,51,0,2,69,8,130.46,21,3,4,1,2,0,0,0,0,0,0,0,0,1,0
U10090,31,1,0,57,6,48.96,21,14,3,0,1,0,0,0,0,0,0,0,0,1,0
U10166,35,1,0,16,13,88.71,10,7,3,0,2,0,0,0,0,0,0,0,0,1,0
U10181,22,1,0,15,8,256.3,8,6,3,3,3,0,0,0,0,0,0,0,0,1,0
U10597,63,1,2,38,6,199.11,16,10,3,1,4,0,0,0,0,0,0,0,0,1,0
U10337,42,1,2,40,4,302.87,17,7,2,0,5,0,0,0,0,0,0,0,0,2,0
U10251,33,0,0,21,14,5.75,14,8,2,0,2,0,0,0,0,0,0,0,0,0,0
U10069,25,0,0,32,7,482.63,14,5,3,1,7,0,0,0,0,0,0,0,0,1,0
U10131,64,1,0,27,7,364.89,30,11,5,1,2,1,1,662.15,0.15,4.7,1,1,534.13,1,0
U10300,43,0,0,4,11,34.59,18,12,0,0,2,1,1,917.64,0,4.9,0,0,854.08,0,0
U10636,19,1,1,17,8,240.68,11,8,2,1,2,0,0,0,0,0,0,0,0,1,0
U10326,58,1,3,70,7,43.72,13,8,0,0,5,0,0,0,0,0,0,0,0,1,0
U10647,38,0,1,25,12,321.49,12,6,1,0,0,0,0,0,0,0,0,0,0,1,0
U10499,42,1,0,1,7,781.23,34,8,3,1,3,1,3,873.07,0,4.6,0,1,853.33,0,0
U10602,39,1,3,64,9,503.74,13,7,0,3,3,0,0,0,0,0,0,0,0,1,0
U10191,55,0,0,18,15,226.17,6,9,4,0,3,0,0,0,0,0,0,0,0,1,0
U10495,44,1,1,17,12,908.12,20,3,0,1,5,0,0,0,0,0,0,0,0,0,0
U10338,38,0,0,35,9,23.49,18,6,2,1,4,0,0,0,0,0,0,0,0,1,0
U10520,53,0,3,6,13,214.18,32,14,1,1,4,1,1,394.65,0,3.7,0,0,409.37,0,0
U10164,36,1,2,26,12,250.03,19,9,2,4,2,0,0,0,0,0,0,0,0,1,0
U10028,47,0,1,66,9,63.22,18,7,3,2,3,0,0,0,0,0,0,0,0,1,0
U10516,32,0,1,10,12,255.93,26,6,1,1,3,1,3,806.49,0.15,4.9,1,0,674.04,1,0
U10193,23,0,0,9,6,869.87,10,4,3,1,2,0,0,0,0,0,0,0,0,1,0
U10703,30,0,3,57,9,221.39,12,5,3,1,5,0,0,0,0,0,0,0,0,1,0
U10169,59,1,1,24,6,281.19,25,6,2,0,3,1,1,711.63,0.05,3.5,0,0,669.33,0,0
U10642,55,1,1,88,6,68.37,19,14,0,1,5,0,0,0,0,0,0,0,0,1,1
U10173,26,0,2,49,13,657.6,15,9,1,1,5,0,0,0,0,0,0,0,0,1,0
U10518,43,0,4,53,5,172.25,19,5,0,1,1,0,0,0,0,0,0,0,0,1,0
U10795,59,0,1,58,6,268.76,13,6,3,1,4,0,0,0,0,0,0,0,0,1,0
U10634,41,0,0,41,8,179.58,33,7,0,1,2,1,1,163.68,0,3.4,0,1,177.29,1,0
U10491,36,0,1,52,9,34.13,14,13,1,2,4,0,0,0,0,0,0,0,0,1,0
U10073,33,1,1,20,7,43.97,16,5,1,1,8,0,0,0,0,0,0,0,0,1,0
U10702,41,0,1,59,16,85.32,20,12,2,0,3,0,0,0,0,0,0,0,0,1,0
U10234,22,1,2,78,16,478.81,14,12,0,3,4,0,0,0,0,0,0,0,0,1,0
U10214,20,1,3,79,10,1163.29,15,14,1,2,3,0,0,0,0,0,0,0,0,1,1
U10020,36,1,3,40,5,95.79,5,6,3,1,8,0,0,0,0,0,0,0,0,1,0
U10132,19,0,0,74,13,592.76,20,10,1,1,5,1,0,158.36,0,4.3,0,0,161.3,1,0
U10661,21,0,2,80,6,29.91,14,8,1,1,1,0,0,0,0,0,0,0,0,1,0
U10566,62,0,2,45,7,667.37,10,11,4,0,5,0,0,0,0,0,0,0,0,1,0
U10185,21,1,0,6,9,110.66,26,9,1,0,1,1,4,475.66,0.05,3.9,0,0,488.64,0,0
U10041,42,0,3,89,9,63.44,17,11,2,2,2,0,0,0,0,0,0,0,0,1,0
U10108,26,1,0,36,11,112.75,15,8,3,3,4,0,0,0,0,0,0,0,0,1,0
U10295,34,0,1,44,12,530.64,21,8,4,1,3,0,0,0,0,0,0,0,0,1,0
U10568,58,1,1,1,8,600.13,12,9,1,1,4,0,0,0,0,0,0,0,0,0,0
U10588,54,0,3,51,6,2240.27,32,9,2,2,5,1,2,658.1,0.1,3.3,0,0,578.06,1,0
U10052,32,0,1,52,9,1.38,12,7,1,0,6,0,0,0,0,0,0,0,0,1,0
U10564,62,1,1,15,8,388.01,15,11,1,2,0,0,0,0,0,0,0,0,0,1,0
U10483,54,1,0,75,7,441.88,29,9,1,1,1,1,4,896.59,0.1,3.5,0,0,882.94,1,0
U10468,54,1,3,39,13,572.09,15,13,4,0,4,0,0,0,0,0,0,0,0,1,0
U10024,49,0,2,67,5,152.77,11,10,2,0,3,0,0,0,0,0,0,0,0,1,0
U10598,53,0,1,3,5,1368.63,31,10,2,0,2,1,4,913.82,0,3.4,0,0,876.99,1,0
U10614,62,0,1,14,12,489.1,18,11,0,1,0,1,2,646.89,0,3.5,0,0,618.39,0,0
U10679,30,1,2,44,5,45.35,17,7,4,2,6,0,0,0,0,0,0,0,0,1,0
U10701,29,0,2,23,6,196.09,26,7,2,0,2,1,1,493.79,0,4,1,1,401.77,0,0
U10366,64,0,3,20,7,859.26,38,9,2,0,2,1,1,184.18,0.1,3.7,1,0,163.92,1,1
U10756,27,0,2,7,5,798.94,14,11,2,0,1,1,0,341.93,0.05,4.6,0,1,344.61,1,0
U10524,64,1,1,76,10,1365.15,25,11,3,1,6,1,0,379.64,0,3.7,0,0,354.82,1,0
U10383,35,0,3,82,7,307.32,12,4,4,2,5,0,0,0,0,0,0,0,0,1,0
U10454,33,1,1,33,8,118.3,14,9,3,1,5,0,0,0,0,0,0,0,0,1,0
U10264,37,1,2,4,2,128.34,15,8,2,2,5,0,0,0,0,0,0,0,0,1,0
U10686,44,0,1,78,10,151.2,27,6,2,1,3,1,0,122.97,0.15,3.9,1,1,86.95,1,0
U10476,44,1,1,37,9,732.14,29,11,1,1,3,1,4,964.51,0,4.9,0,0,953.74,1,0
U10444,45,1,3,55,5,110.36,9,8,5,2,6,0,0,0,0,0,0,0,0,1,0
U10395,25,0,1,86,3,92.64,12,9,2,2,5,0,0,0,0,0,0,0,0,1,0
U10176,52,1,0,67,12,794.11,24,9,0,1,1,1,2,830.82,0.1,4.3,1,1,663.69,1,0
U10018,30,1,0,55,10,500.43,19,9,0,2,2,0,0,0,0,0,0,0,0,1,0
U10771,60,1,0,85,13,40.07,16,12,0,0,2,0,0,0,0,0,0,0,0,1,0
U10779,62,0,2,47,5,207.28,15,9,2,2,2,0,0,0,0,0,0,0,0,1,0
U10595,55,1,2,3,14,290.44,12,6,3,0,5,0,0,0,0,0,0,0,0,0,0
U10061,63,1,0,2,8,35.22,20,13,2,1,1,0,0,0,0,0,0,0,0,1,0
U10272,33,0,1,89,5,412.7,17,9,3,0,3,0,0,0,0,0,0,0,0,1,0
U10216,37,1,1,77,5,70.22,29,7,5,1,1,1,3,659.8,0,3.8,1,0,606.1,1,0
U10278,41,0,0,65,5,85.9,12,10,0,2,3,0,0,0,0,0,0,0,0,1,0
U10757,64,1,2,46,7,41.45,9,7,4,1,6,0,0,0,0,0,0,0,0,1,0
U10368,44,1,1,68,7,544.35,28,10,1,6,3,0,0,0,0,0,0,0,0,1,0
U10796,56,0,0,42,11,12.96,27,10,1,1,5,1,3,214.54,0.05,4.3,1,0,182.83,1,0
U10739,50,0,3,66,6,114.3,33,5,1,1,3,1,1,385.92,0.1,4.8,0,0,334.66,1,0
U10563,47,0,1,77,2,75.68,22,8,0,1,2,1,1,967.3,0,3.1,0,0,1054.06,1,0
U10547,25,1,0,52,12,57.11,30,11,0,1,3,1,4,722.83,0.05,3.5,0,0,649.75,1,1
U10789,47,0,0,82,6,73.63,14,9,5,1,1,0,0,0,0,0,0,0,0,1,0
U10466,64,1,0,40,9,227.69,12,5,0,0,3,0,0,0,0,0,0,0,0,1,0
U10456,59,1,0,9,11,876.02,35,8,0,1,5,1,1,512.05,0.05,4.7,1,0,409.9,1,0
U10393,26,0,0,76,13,2601.18,30,7,3,0,5,1,0,188.09,0.1,3.7,1,0,157.83,1,0
U10797,32,0,3,14,1,441.27,17,8,2,0,3,0,0,0,0,0,0,0,0,1,0
U10454,35,1,2,12,4,149.52,21,9,4,1,5,0,0,0,0,0,0,0,0,1,0
U10375,21,0,0,44,6,49.29,30,6,3,0,2,1,0,68.28,0,3.6,0,0,72.98,1,0
U10412,43,0,0,61,12,619.43,28,12,4,1,2,1,4,126.84,0.05,3.3,0,0,127.97,1,0
U10074,63,1,2,33,12,610.66,14,7,1,1,2,0,0,0,0,0,0,0,0,1,0
U10492,61,0,4,37,8,67.16,20,11,2,2,5,0,0,0,0,0,0,0,0,1,1
U10500,47,1,2,63,7,661.46,20,11,4,1,1,0,0,0,0,0,0,0,0,1,0
U10721,19,0,0,26,9,402.53,22,6,4,4,2,1,3,529.21,0.05,4.5,0,0,509.74,0,0
U10616,41,1,2,11,6,374.15,11,4,4,1,3,0,0,0,0,0,0,0,0,0,0
U10114,34,1,0,44,10,43.13,19,7,0,0,2,0,0,0,0,0,0,0,0,1,0
U10417,42,1,0,78,6,228.48,24,7,4,0,5,0,0,0,0,0,0,0,0,1,0
U10601,59,0,0,1,9,196.58,12,9,1,0,2,0,0,0,0,0,0,0,0,0,0
U10604,36,1,2,23,4,705.82,15,7,1,1,3,0,0,0,0,0,0,0,0,1,0
U10089,44,0,1,28,6,615.18,31,6,3,1,3,1,3,746.86,0,4.1,0,0,807.57,1,0
U10034,31,0,2,62,4,415.58,24,5,1,0,7,0,0,0,0,0,0,0,0,2,0
U10498,25,1,1,76,5,299.02,15,3,2,0,7,0,0,0,0,0,0,0,0,1,0
U10785,40,1,1,1,9,230.41,31,6,2,1,3,1,0,724.6,0.1,4.5,0,1,590.22,0,0
U10792,30,1,1,78,17,64.27,17,7,1,1,3,0,0,0,0,0,0,0,0,1,0
U10790,40,1,0,9,14,166.1,23,8,1,1,4,0,0,0,0,0,0,0,0,0,0
U10011,63,1,1,24,6,56.07,10,10,2,0,3,0,0,0,0,0,0,0,0,1,0
U10396,29,0,2,73,10,286.93,20,8,0,1,2,0,0,0,0,0,0,0,0,1,0
U10731,18,0,0,58,10,90.17,17,9,1,1,4,0,0,0,0,0,0,0,0,1,0
U10555,33,1,1,43,14,148.54,20,9,3,4,4,0,0,0,0,0,0,0,0,1,0
U10042,51,1,0,75,11,749.41,35,11,1,2,5,1,2,564.1,0,3.1,1,1,473.42,1,0
U10167,35,1,1,74,8,489.44,9,2,0,0,4,0,0,0,0,0,0,0,0,1,0
U10416,41,0,0,76,3,683.89,27,4,1,1,1,1,1,707.86,0,3.4,1,0,623.07,2,0
U10576,55,0,0,8,9,60.91,17,5,1,0,3,0,0,0,0,0,0,0,0,1,0
U10035,62,1,1,57,16,509.75,9,10,2,1,1,0,0,0,0,0,0,0,0,1,0
U10728,40,1,2,44,2,1971.28,26,4,3,2,2,1,4,555.39,0,3.8,0,0,587.81,1,0
U10426,29,0,0,76,7,73.07,21,12,2,0,1,1,1,943.75,0.1,3.5,0,0,899.5,1,0
U10544,52,1,2,20,6,256.15,31,8,1,1,2,1,4,579.16,0,3.3,1,0,572.63,1,0
U10379,27,0,0,27,6,70.96,10,7,2,2,2,0,0,0,0,0,0,0,0,1,0
U10474,38,0,2,28,2,85.98,13,9,3,1,5,0,0,0,0,0,0,0,0,1,0
U10455,21,0,0,30,3,521.35,11,10,4,1,5,0,0,0,0,0,0,0,0,2,0
U10793,59,1,0,35,4,226.22,13,7,3,1,8,0,0,0,0,0,0,0,0,1,0
U10257,63,0,0,58,7,693.59,10,10,3,2,1,0,0,0,0,0,0,0,0,1,0
U10335,56,0,0,15,7,33.22,16,7,5,0,3,0,0,0,0,0,0,0,0,1,0
U10015,56,1,0,18,9,290.98,15,12,1,0,6,0,0,0,0,0,0,0,0,1,0
U10330,51,1,0,52,6,57.27,17,5,6,1,3,0,0,0,0,0,0,0,0,1,0
U10324,30,1,0,51,7,10.34,13,12,1,3,1,0,0,0,0,0,0,0,0,1,0
U10556,32,1,1,38,7,666.09,30,5,1,0,7,1,1,745.78,0,3.6,0,0,709.86,1,0
U10282,46,0,0,83,7,941.9,18,7,2,1,5,0,0,0,0,0,0,0,0,1,0
U10712,22,1,1,5,4,71.2,12,5,0,2,3,0,0,0,0,0,0,0,0,1,0
U10222,39,1,1,89,10,205.67,11,8,0,1,4,0,0,0,0,0,0,0,0,1,0
U10179,56,1,2,54,13,364.61,18,7,4,0,1,0,0,0,0,0,0,0,0,1,0
U10099,64,1,0,63,5,606.74,35,7,6,1,3,1,2,210.89,0,3.1,0,0,195.17,1,0
U10521,29,0,4,63,12,402.38,17,8,2,2,2,0,0,0,0,0,0,0,0,1,0
U10022,54,0,0,80,6,86.83,10,11,2,1,3,0,0,0,0,0,0,0,0,1,0
U10356,42,0,0,13,8,807.08,21,6,3,0,1,0,0,0,0,0,0,0,0,1,0
U10564,51,1,1,69,8,233.06,18,7,0,1,3,0,0,0,0,0,0,0,0,1,0
U10288,40,1,1,79,10,656.74,17,5,1,0,4,0,0,0,0,0,0,0,0,1,0
U10611,38,0,0,13,10,298.12,11,9,3,0,5,0,0,0,0,0,0,0,0,1,0
U10492,22,1,3,14,8,121.17,12,7,1,0,7,0,0,0,0,0,0,0,0,1,1
U10340,56,1,1,8,8,270.29,12,7,1,0,4,0,0,0,0,0,0,0,0,1,0
U10431,43,0,2,23,13,551.36,28,13,2,0,2,1,3,195.8,0.15,3.6,1,0,156.87,1,0
U10706,64,1,0,52,11,191.12,11,8,0,0,5,0,0,0,0,0,0,0,0,1,0
U10217,31,1,0,10,6,52.19,27,12,3,1,4,1,4,988.98,0,4.2,0,0,984.04,1,1
U10203,49,1,1,18,7,30.2,16,10,1,0,0,0,0,0,0,0,0,0,0,1,0
U10087,61,1,0,41,4,176.78,17,11,2,1,6,0,0,0,0,0,0,0,0,1,0
U10093,37,1,0,30,10,1607.6,31,7,2,0,2,1,0,958.34,0,3.1,1,1,861.14,1,0
U10646,34,0,1,53,7,192.04,21,10,0,2,4,0,0,0,0,0,0,0,0,1,0
U10068,45,1,0,38,6,45.91,13,12,6,0,1,0,0,0,0,0,0,0,0,1,0
U10071,19,1,1,44,8,487.14,19,7,4,0,2,0,0,0,0,0,0,0,0,1,0
U10284,37,0,1,82,13,345.52,12,9,3,1,4,0,0,0,0,0,0,0,0,1,1
U10085,46,0,0,46,3,366.32,15,5,1,0,1,0,0,0,0,0,0,0,0,1,1
U10434,33,1,0,69,3,132.56,15,7,4,2,7,0,0,0,0,0,0,0,0,2,0
U10718,48,0,3,5,8,1463.19,31,11,2,1,2,1,0,493.56,0.15,4.3,1,0,354.46,1,0
U10153,25,0,0,26,9,272.54,25,9,1,2,3,1,0,676.57,0,3.8,0,0,668.04,1,0
U10075,59,1,1,6,9,933.72,16,9,4,0,6,0,0,0,0,0,0,0,0,1,0
U10612,42,1,0,6,14,518.42,21,9,3,2,3,1,2,703.24,0,4,0,1,668.9,0,0
U10580,51,0,0,81,7,232.97,14,8,2,1,0,0,0,0,0,0,0,0,0,1,0
U10446,30,0,1,44,11,45.52,20,6,4,3,0,0,0,0,0,0,0,0,0,1,0
U10188,39,1,0,45,11,55.88,9,5,4,1,8,0,0,0,0,0,0,0,0,1,0
U10271,27,0,0,51,10,753.31,34,9,0,0,5,1,3,131.28,0.2,3.2,0,0,114.56,1,0
U10236,47,0,0,42,7,287.12,24,6,4,2,2,1,1,658.06,0.1,3.7,0,1,637.24,1,0
U10487,32,1,0,3,10,82.46,14,7,3,2,1,0,0,0,0,0,0,0,0,0,0
U10600,43,0,1,1,7,190.61,28,7,1,0,9,1,1,961.82,0.2,4.9,1,0,719.12,0,0
U10559,39,0,1,65,8,279.18,10,9,1,1,3,0,0,0,0,0,0,0,0,1,0
U10117,59,0,1,80,10,3.82,14,7,1,1,3,0,0,0,0,0,0,0,0,1,0
U10397,31,0,1,22,9,143.28,14,6,3,1,3,0,0,0,0,0,0,0,0,1,0
U10095,24,1,0,20,8,124.2,32,7,4,3,4,1,3,417.41,0,3,0,0,451.77,1,0
U10512,48,1,2,28,8,99.8,17,6,1,0,4,0,0,0,0,0,0,0,0,0,0
U10633,29,1,0,81,4,195.42,18,4,1,2,2,0,0,0,0,0,0,0,0,1,0
U10708,54,1,0,57,10,123.05,12,6,1,1,1,0,0,0,0,0,0,0,0,1,0
U10763,58,1,0,16,9,312.04,17,5,0,1,3,0,0,0,0,0,0,0,0,1,0
U10573,20,0,0,60,7,1177.2,31,9,1,0,2,1,0,501.68,0.05,3.8,0,0,502.38,1,0
U10126,31,0,0,32,9,314,14,10,6,1,2,0,0,0,0,0,0,0,0,1,0
U10116,41,0,0,18,10,94.56,14,10,1,2,2,0,0,0,0,0,0,0,0,0,0
U10473,19,0,1,58,14,173.32,14,11,3,0,1,0,0,0,0,0,0,0,0,1,0
U10251,57,0,2,89,9,401.87,29,3,1,0,4,0,0,0,0,0,0,0,0,1,0
U10057,30,1,1,66,10,618.16,25,11,0,0,5,1,1,725.55,0.15,5,0,1,624.97,1,0
U10603,46,1,1,30,12,235.56,16,9,0,0,4,0,0,0,0,0,0,0,0,1,0
U10205,41,0,0,38,13,704.6,19,7,3,1,4,0,0,0,0,0,0,0,0,1,0
U10656,33,0,1,35,4,76.96,11,4,3,0,4,0,0,0,0,0,0,0,0,1,0
U10458,39,0,0,10,11,59.88,28,4,4,1,4,1,3,573.69,0,3.5,1,0,533.39,1,0
U10459,54,0,1,48,3,273.97,20,6,0,1,2,1,1,47.06,0.2,3.6,0,0,39.37,1,0
U10105,57,0,3,27,7,930.42,19,8,0,2,1,0,0,0,0,0,0,0,0,0,0
U10635,60,1,1,2,7,204.55,26,13,0,1,3,1,0,612.44,0.05,4.3,0,0,548.04,1,0
U10369,47,1,0,74,6,3556.53,35,5,2,1,1,1,1,921.54,0.05,4.7,0,1,804.28,1,0
U10268,45,1,0,5,6,240.42,32,10,1,0,4,1,3,878.66,0,3.8,1,0,760.53,0,0
U10655,59,0,0,72,13,331.63,16,8,0,1,3,0,0,0,0,0,0,0,0,1,0
U10046,37,0,0,17,8,1.78,16,5,1,0,8,0,0,0,0,0,0,0,0,1,0
U10349,39,1,0,71,3,76.46,20,6,1,1,3,1,1,658.21,0.05,3.2,0,0,599.54,1,0
U10195,47,1,0,21,3,201.35,12,10,3,0,4,0,0,0,0,0,0,0,0,1,0
U10102,49,0,0,51,5,2.49,29,10,2,0,2,1,3,344.06,0,4.6,0,0,337.48,1,0
U10004,41,1,1,52,7,97.4,23,10,0,7,1,0,0,0,0,0,0,0,0,1,0
U10619,61,0,0,54,9,108.08,36,10,0,0,3,1,3,41.1,0.1,3.4,0,1,34.89,1,0
U10461,52,1,0,7,8,310.1,13,10,0,0,5,0,0,0,0,0,0,0,0,0,0
U10502,28,1,2,70,8,872.11,14,14,2,0,2,0,0,0,0,0,0,0,0,1,0
U10263,21,1,0,54,9,334.85,42,8,2,1,3,1,0,379.25,0,4.1,0,0,383.41,1,0
U10406,37,1,0,27,12,496.04,30,5,3,1,0,1,2,975.87,0.1,3.2,0,0,888.43,1,0
U10443,38,0,0,23,5,245.55,14,10,1,1,2,0,0,0,0,0,0,0,0,1,0
U10080,25,0,1,45,8,376.72,11,7,2,1,2,0,0,0,0,0,0,0,0,1,0
U10761,56,0,0,86,6,114.05,14,9,1,1,0,0,0,0,0,0,0,0,0,1,0
U10795,58,1,0,79,6,24.73,23,6,2,1,5,0,0,0,0,0,0,0,0,1,0
U10304,56,1,0,88,11,728.72,11,9,2,1,5,0,0,0,0,0,0,0,0,1,1
U10341,46,1,0,87,6,227.87,16,9,0,1,3,0,0,0,0,0,0,0,0,1,0
U10777,57,1,2,41,9,27.65,18,12,0,0,4,0,0,0,0,0,0,0,0,1,1
U10313,46,1,2,73,3,391.85,27,8,1,2,5,1,0,586.43,0.05,3.4,0,1,537.34,2,0
U10149,55,1,0,56,14,463.93,36,5,3,0,2,1,3,616.99,0,3.6,0,0,637.38,1,0
U10124,53,0,1,87,10,179.73,27,10,5,2,1,1,2,208.49,0,3.6,0,1,198.43,1,0
U10189,37,1,0,88,8,1450.58,34,14,1,1,2,1,2,162.74,0,3.7,0,1,171.23,1,0
U10574,40,0,0,65,6,133.42,19,6,2,1,1,0,0,0,0,0,0,0,0,1,0
U10697,32,0,0,89,7,34.84,22,5,1,1,2,1,0,380.65,0.05,3.9,0,1,328.55,1,0
U10664,51,0,1,4,9,791.23,15,7,4,2,4,0,0,0,0,0,0,0,0,0,0
U10050,43,1,0,87,4,509.56,13,7,0,1,2,0,0,0,0,0,0,0,0,1,0
U10726,61,0,0,3,5,730.42,18,5,5,0,3,0,0,0,0,0,0,0,0,0,0
U10353,55,1,0,36,5,37.14,9,9,3,0,2,0,0,0,0,0,0,0,0,1,1
U10091,49,0,1,18,5,310.46,10,12,1,1,1,0,0,0,0,0,0,0,0,1,0
U10142,35,0,3,29,11,150.78,19,7,1,0,4,0,0,0,0,0,0,0,0,1,0
U10470,43,0,1,66,8,21.36,27,7,2,0,3,1,3,165.72,0,4.6,0,0,165.54,1,0
U10653,64,1,1,84,7,1502.56,33,6,1,1,5,1,0,547.24,0.15,3.4,0,1,459.95,1,0
U10399,46,1,2,51,7,407.9,14,16,0,1,2,0,0,0,0,0,0,0,0,1,0
U10614,29,0,0,48,6,833.31,14,13,5,0,1,0,0,0,0,0,0,0,0,1,0
U10320,46,1,1,58,13,115.89,14,11,5,0,4,0,0,0,0,0,0,0,0,1,0
U10019,57,1,0,61,5,687.76,9,8,4,1,4,0,0,0,0,0,0,0,0,1,0
U10684,55,1,0,26,12,682.4,16,12,2,0,3,0,0,0,0,0,0,0,0,1,0
U10035,63,0,2,43,11,330.69,15,6,1,0,1,0,0,0,0,0,0,0,0,1,0
U10505,64,0,1,13,11,100.42,23,10,0,0,5,1,2,305.91,0.05,4.6,0,1,310.6,1,0
U10524,20,0,2,40,4,103.13,8,8,0,2,3,0,0,0,0,0,0,0,0,1,0
U10407,37,0,3,21,8,205.31,7,5,0,0,2,0,0,0,0,0,0,0,0,1,0
U10537,39,1,0,38,6,133.43,14,14,3,1,3,0,0,0,0,0,0,0,0,1,0
U10758,32,0,1,39,12,78.88,27,5,1,1,4,1,0,838.8,0.05,4.7,1,1,662.27,1,0
U10681,24,0,1,42,7,297.52,7,3,2,0,4,0,0,0,0,0,0,0,0,1,0
U10270,26,1,0,71,8,188.84,18,5,2,1,5,0,0,0,0,0,0,0,0,1,1
U10038,58,1,1,1,8,158.43,27,6,0,1,1,1,1,475.57,0,4,0,0,488.47,0,0
U10175,49,0,0,65,7,485.76,16,4,3,0,3,0,0,0,0,0,0,0,0,1,0
U10245,55,0,2,34,17,99.53,23,11,1,1,4,1,2,323.18,0.1,3.4,0,0,316.42,1,0
U10392,35,1,0,79,10,39.14,12,8,2,4,4,0,0,0,0,0,0,0,0,1,0
U10091,36,1,1,62,4,26.16,14,15,0,1,1,0,0,0,0,0,0,0,0,1,0
U10654,37,1,0,56,4,91.25,12,8,4,0,2,0,0,0,0,0,0,0,0,1,0
U10489,61,0,2,33,9,146.66,12,4,0,2,3,0,0,0,0,0,0,0,0,1,0
U10154,49,0,1,22,5,114.22,17,7,3,1,2,0,0,0,0,0,0,0,0,1,0
U10638,29,0,0,41,7,224.17,12,7,2,0,2,0,0,0,0,0,0,0,0,1,0
U10662,26,1,1,22,11,606.08,23,8,1,0,5,1,0,447.09,0.1,4.1,0,0,402.01,1,0
U10287,62,0,4,14,12,454.46,36,6,1,0,2,1,3,135.87,0.05,4.9,0,0,137.25,1,0
U10625,60,1,1,21,6,724.93,21,5,1,2,1,0,0,0,0,0,0,0,0,0,0
U10685,51,1,4,40,8,455.15,17,7,2,0,3,0,0,0,0,0,0,0,0,1,0
U10782,46,0,0,40,2,422.78,14,8,2,0,3,0,0,0,0,0,0,0,0,2,0
U10569,18,0,1,35,9,86.7,15,6,3,2,3,0,0,0,0,0,0,0,0,1,0
U10460,51,1,0,2,3,558.96,14,8,3,0,4,0,0,0,0,0,0,0,0,1,0
U10734,29,0,0,8,9,1327.54,26,9,2,1,4,1,1,204.38,0.05,4,0,0,208.67,1,0
U10017,25,1,0,72,7,335.24,16,4,0,1,2,0,0,0,0,0,0,0,0,1,0
U10127,30,1,0,65,7,173.19,29,7,1,2,3,1,2,424.32,0.15,4.4,1,1,299.7,1,0
U10322,35,0,3,68,7,590.42,11,8,3,0,3,0,0,0,0,0,0,0,0,1,0
U10255,32,0,0,3,6,1969.29,18,6,2,0,4,0,0,0,0,0,0,0,0,1,0
U10130,44,0,1,34,7,526.91,20,5,2,1,4,1,0,180.27,0,4.6,1,0,151.25,1,0
U10252,29,1,0,2,7,2095.11,35,6,3,0,2,1,2,849.71,0,4.6,1,0,750.79,0,0
U10190,59,1,3,28,8,191.09,33,5,2,2,2,1,4,307.75,0,3.5,0,0,286.06,1,0
U10115,53,0,0,76,9,452.44,18,6,0,0,6,0,0,0,0,0,0,0,0,1,0
U10699,34,1,0,13,13,122.52,15,10,1,1,3,0,0,0,0,0,0,0,0,1,0
U10798,20,0,2,26,6,232,17,6,4,0,6,0,0,0,0,0,0,0,0,0,0
U10606,29,1,0,67,10,291.25,12,3,1,1,3,0,0,0,0,0,0,0,0,1,0
U10180,28,0,2,27,6,306.29,9,11,2,0,1,0,0,0,0,0,0,0,0,1,0
U10301,44,1,0,10,11,255.69,28,11,3,1,2,1,1,334.5,0,4.5,0,0,344.78,0,0
U10698,36,1,3,34,9,76.09,19,8,3,1,3,0,0,0,0,0,0,0,0,1,0
U10391,18,0,3,76,8,892.02,14,6,0,3,6,0,0,0,0,0,0,0,0,1,0
U10502,59,1,0,73,9,272.7,11,7,2,1,0,0,0,0,0,0,0,0,0,1,0
U10729,18,0,0,80,8,1674.6,31,8,3,1,0,1,3,699.61,0,4.1,0,1,695.56,1,0
U10376,38,0,0,66,8,156.78,12,9,1,1,4,0,0,0,0,0,0,0,0,1,0
U10315,61,0,0,70,7,432.54,19,8,1,1,0,0,0,0,0,0,0,0,0,1,0
U10517,61,1,0,44,7,48.62,19,6,1,0,1,0,0,0,0,0,0,0,0,1,0
U10372,34,1,3,23,9,1003.87,12,8,2,0,7,0,0,0,0,0,0,0,0,0,0
U10045,37,1,0,15,9,932.79,15,6,2,1,1,0,0,0,0,0,0,0,0,1,0
U10476,45,1,1,61,3,523.49,18,8,1,1,5,1,2,309.45,0.15,3.4,0,1,257.58,1,0
U10157,58,1,0,45,11,173.86,25,10,1,0,3,0,0,0,0,0,0,0,0,1,0
U10690,40,1,0,52,10,176.15,13,9,3,1,6,0,0,0,0,0,0,0,0,1,0
U10171,32,0,0,80,10,3.13,14,7,1,0,1,0,0,0,0,0,0,0,0,1,0
U10016,62,0,1,7,10,417.03,9,9,2,0,0,0,0,0,0,0,0,0,0,1,0
U10511,26,1,0,37,5,73.7,16,11,0,2,3,0,0,0,0,0,0,0,0,1,0
U10048,22,1,4,62,5,18.71,10,10,2,2,3,0,0,0,0,0,0,0,0,1,0
U10191,47,1,0,21,5,604.19,13,9,2,0,6,0,0,0,0,0,0,0,0,1,0
U10546,52,0,0,59,8,251.54,16,11,2,2,3,0,0,0,0,0,0,0,0,1,0
U10515,37,1,0,68,8,156.41,21,11,1,2,5,1,4,475.84,0,4.8,0,0,467.02,1,0
U10105,31,0,2,18,7,663.71,18,6,2,0,4,0,0,0,0,0,0,0,0,1,0
U10555,45,0,0,48,7,687.79,30,7,2,1,1,1,0,95.39,0,3.6,1,0,85.48,1,0
U10480,55,0,0,27,7,1.79,12,13,0,2,3,0,0,0,0,0,0,0,0,1,0
U10283,31,0,0,14,7,727.03,27,12,2,1,4,1,3,512.78,0.05,3.1,1,0,423.95,1,0
U10489,48,0,2,64,6,29.73,16,15,2,0,0,0,0,0,0,0,0,0,0,1,0
U10797,25,0,0,82,6,823.02,25,3,0,0,0,1,3,481.17,0.05,3.2,0,1,457.48,1,0
U10562,31,0,0,45,6,159.21,21,10,2,0,3,0,0,0,0,0,0,0,0,1,0
U10225,61,0,0,60,3,407.2,25,11,5,0,2,1,3,585.46,0.05,4.1,0,0,513.18,1,0
U10026,49,1,0,50,5,88.31,11,7,1,0,3,0,0,0,0,0,0,0,0,1,0
U10282,18,0,0,33,7,454.27,11,13,2,1,1,0,0,0,0,0,0,0,0,1,0
U10775,55,0,2,23,3,119.57,11,8,1,1,3,0,0,0,0,0,0,0,0,1,0
U10437,47,0,0,47,3,429.95,15,8,2,1,3,0,0,0,0,0,0,0,0,2,0
U10562,37,1,0,56,6,55.68,36,12,1,3,1,1,0,489.76,0.05,4.2,1,0,394.84,1,0
U10364,59,0,0,75,4,166.3,34,8,0,3,6,1,3,312.23,0,3.9,0,0,326.18,1,0
U10229,27,0,1,60,5,104.81,21,5,1,0,1,0,0,0,0,0,0,0,0,1,0
U10037,32,1,1,62,7,612.71,23,5,0,2,4,0,0,0,0,0,0,0,0,1,0
U10669,47,0,1,23,12,241.08,19,7,2,1,3,0,0,0,0,0,0,0,0,1,0
U10749,31,1,0,57,12,97.4,12,8,1,0,5,0,0,0,0,0,0,0,0,1,0
U10021,47,0,2,31,7,76.91,12,9,1,1,3,0,0,0,0,0,0,0,0,1,0
U10374,43,1,0,14,5,3.61,9,6,1,1,6,0,0,0,0,0,0,0,0,0,0
U10469,59,1,0,82,7,173.74,27,14,2,4,2,1,2,971.65,0,3.6,0,0,1063.42,1,1
U10459,24,1,0,68,9,762.54,34,5,3,2,1,1,0,711.72,0,4.1,1,0,662.94,1,0
U10687,44,1,0,20,8,441.44,11,5,3,2,4,0,0,0,0,0,0,0,0,1,0
U10032,35,1,1,84,7,577.01,22,10,2,2,3,1,4,167.07,0.05,3.7,0,1,160.46,1,0
U10040,25,0,1,73,10,245.89,27,9,1,0,2,1,1,247.73,0,4.4,1,1,212.85,1,0
U10727,21,0,0,28,8,27.44,15,11,0,0,1,0,0,0,0,0,0,0,0,1,0
U10194,39,1,0,9,15,43.14,10,10,1,1,1,0,0,0,0,0,0,0,0,0,0
U10134,51,0,2,16,2,891.66,11,1,1,0,0,0,0,0,0,0,0,0,0,1,0
U10391,53,1,1,80,10,707.47,13,7,3,1,1,0,0,0,0,0,0,0,0,1,0
U10503,58,1,0,73,5,737.54,18,5,2,2,3,1,2,151.17,0,3.6,1,1,131.14,1,0
U10565,49,1,1,60,9,42.33,24,8,4,3,7,1,3,319.91,0.2,4.8,0,1,265.22,1,0
U10276,58,1,0,24,13,119.57,12,8,3,0,4,0,0,0,0,0,0,0,0,1,0
U10397,30,0,0,45,9,72.8,29,11,2,1,4,1,3,754.29,0.05,3.3,0,0,650.46,1,0
U10102,57,1,1,48,9,46.73,13,10,1,1,2,0,0,0,0,0,0,0,0,1,0
U10579,26,0,3,44,10,812.64,24,10,2,2,2,0,0,0,0,0,0,0,0,1,0
U10160,44,0,1,13,8,298.36,14,7,2,1,1,0,0,0,0,0,0,0,0,0,0
U10680,43,1,0,6,10,6.97,19,5,1,0,1,0,0,0,0,0,0,0,0,1,0
U10719,25,0,2,26,8,271.03,24,3,2,2,6,0,0,0,0,0,0,0,0,1,0
U10162,62,1,2,86,2,269.76,14,10,2,0,2,0,0,0,0,0,0,0,0,2,0
U10343,18,0,0,89,10,686.94,20,5,7,2,1,1,4,157,0,4.2,1,0,128.14,1,0
U10705,23,1,0,72,13,11.54,9,3,1,2,1,0,0,0,0,0,0,0,0,1,1
U10379,34,1,0,26,6,756.15,15,6,3,2,2,0,0,0,0,0,0,0,0,1,0
U10152,28,1,2,45,6,63.5,21,9,0,2,3,1,1,814.34,0,5,0,0,825.66,1,0
U10771,55,0,0,1,9,1355.48,23,9,3,2,1,1,0,387.31,0.2,4.4,0,0,311.19,1,0
U10791,27,1,0,62,10,90.22,26,7,3,0,3,1,1,450.91,0.05,4.7,0,0,400.35,1,0
U10540,48,0,0,6,10,2109.63,28,15,4,1,2,1,1,655.27,0,3.4,0,0,703.04,1,0
U10111,43,0,0,42,7,477.51,23,8,0,2,2,1,4,137.73,0.1,3.8,0,0,115.61,1,0
U10226,57,0,0,4,6,11.77,10,9,2,1,7,0,0,0,0,0,0,0,0,0,0
U10201,52,0,1,41,7,140.97,14,10,5,0,3,0,0,0,0,0,0,0,0,1,0
U10166,47,0,1,77,11,355.28,26,7,2,3,3,1,1,783.8,0,4,1,0,707.92,1,0
U10103,48,1,1,71,7,498.29,16,4,2,0,1,1,3,211.81,0.05,4,1,0,179.68,1,0
U10421,45,0,3,57,7,1668.8,13,9,3,0,0,0,0,0,0,0,0,0,0,1,0
U10419,46,0,1,36,12,1.01,9,7,3,2,2,0,0,0,0,0,0,0,0,1,0
U10484,28,0,0,45,10,152.09,25,3,0,2,0,1,2,175.79,0,3.7,0,0,179.13,1,0
U10586,51,0,2,84,5,158.57,3,8,2,1,8,0,0,0,0,0,0,0,0,1,0
U10632,26,0,0,41,12,684.52,21,6,4,1,5,1,4,738.11,0.1,4.1,0,0,609.47,1,0
U10672,18,0,0,70,6,356.29,14,7,2,0,1,0,0,0,0,0,0,0,0,1,0
U10119,20,0,0,30,5,65.49,23,10,1,3,5,1,1,52.97,0,4.4,1,0,44.09,1,0
U10053,50,1,1,25,10,90.8,29,4,1,0,2,1,0,837.78,0,4.9,1,0,745.7,1,0
U10151,64,0,0,3,10,374.77,36,8,1,1,5,1,2,512.85,0,3.5,1,0,494.47,0,0
U10403,63,1,0,61,12,280.2,12,9,2,0,4,0,0,0,0,0,0,0,0,1,0
U10130,18,1,0,38,8,75.31,16,5,2,0,3,0,0,0,0,0,0,0,0,1,0
U10207,27,1,0,51,7,265.85,18,10,3,0,5,0,0,0,0,0,0,0,0,1,0
U10099,21,0,0,85,5,454.64,19,6,2,4,1,0,0,0,0,0,0,0,0,1,0
U10658,57,1,0,42,8,113.89,13,5,1,0,3,0,0,0,0,0,0,0,0,1,0
U10098,29,0,1,9,8,276.27,13,8,2,2,3,0,0,0,0,0,0,0,0,1,1
U10577,44,0,0,77,3,979.12,33,11,3,1,3,1,3,630.03,0.15,3.9,0,0,512.15,1,0
U10008,31,0,0,3,10,126.31,28,4,0,0,3,1,4,92.65,0,4.7,0,1,85.33,1,0
U10159,51,0,0,4,2,12.3,8,7,1,0,3,0,0,0,0,0,0,0,0,1,0
U10036,48,0,0,48,7,61.23,11,6,1,1,2,0,0,0,0,0,0,0,0,1,0
U10452,54,1,0,84,8,402,19,8,2,0,4,0,0,0,0,0,0,0,0,1,0
U10651,63,1,0,59,7,105.58,13,16,0,2,4,0,0,0,0,0,0,0,0,1,0
U10253,25,0,0,28,7,2264.42,19,5,3,0,5,1,3,789.77,0.2,3.4,0,0,574.2,1,0
U10303,39,1,0,61,8,268.49,16,10,5,1,5,0,0,0,0,0,0,0,0,1,0
U10742,64,1,0,71,11,61.94,17,11,1,0,2,0,0,0,0,0,0,0,0,1,0
U10401,55,1,2,29,5,148.12,13,5,3,1,0,0,0,0,0,0,0,0,0,1,0
U10571,22,1,0,66,4,111.53,11,7,2,1,4,0,0,0,0,0,0,0,0,1,0
U10623,39,0,2,48,8,865.56,23,4,2,1,4,1,4,576.94,0,3.9,0,0,605,1,0
U10471,27,0,1,52,3,115.43,13,4,3,1,2,0,0,0,0,0,0,0,0,1,0
U10230,64,1,4,23,5,92.44,15,10,2,2,4,0,0,0,0,0,0,0,0,1,0
U10138,32,0,0,77,14,380.51,11,9,2,1,5,0,0,0,0,0,0,0,0,1,0
U10262,31,1,0,63,6,26.87,11,9,3,1,3,0,0,0,0,0,0,0,0,1,0
U10610,64,0,1,33,9,544.13,16,9,4,1,6,0,0,0,0,0,0,0,0,1,0
U10297,38,1,0,36,8,103.98,12,17,2,0,3,0,0,0,0,0,0,0,0,1,0
U10414,41,0,0,39,8,442.69,29,9,2,0,1,1,4,486.5,0,4.9,0,0,529.49,1,0
U10150,23,0,0,62,8,197,27,7,1,2,3,1,2,654.17,0,4.9,0,1,590.38,1,0
U10472,35,0,0,3,4,1142.93,13,7,1,0,2,0,0,0,0,0,0,0,0,1,0
U10778,35,0,0,66,7,41.84,16,8,2,3,3,0,0,0,0,0,0,0,0,1,0
U10640,57,1,2,70,9,1846.33,19,7,3,1,4,1,3,256.7,0.15,4.3,0,0,230.85,1,0
U10561,51,1,0,87,3,427.58,25,9,3,0,1,1,0,995.37,0,4,1,0,957,1,0
U10337,28,1,1,77,8,172.53,18,8,4,0,1,0,0,0,0,0,0,0,0,1,0
U10550,24,1,0,51,6,285.31,13,12,2,1,2,0,0,0,0,0,0,0,0,1,1
U10639,40,0,3,51,9,300,19,9,6,1,4,1,0,525.84,0.05,3.4,0,0,548.85,1,0
U10488,28,0,2,13,4,583.82,15,9,0,0,5,1,1,491.48,0.2,3.8,1,1,334.95,1,0
U10308,46,0,1,2,9,161.94,21,8,1,1,2,0,0,0,0,0,0,0,0,0,0
U10710,30,0,2,38,10,527.72,15,7,1,2,6,0,0,0,0,0,0,0,0,1,0
U10366,52,1,2,53,12,57,19,7,2,0,4,0,0,0,0,0,0,0,0,1,1
U10147,64,0,0,48,5,20.69,13,4,2,1,3,0,0,0,0,0,0,0,0,1,0
U10146,59,0,0,21,8,79.26,13,4,2,2,3,0,0,0,0,0,0,0,0,1,0
U10027,63,1,0,58,7,18.45,13,10,1,0,3,0,0,0,0,0,0,0,0,1,0
U10345,40,0,0,87,9,521.46,11,6,1,0,1,0,0,0,0,0,0,0,0,1,0
U10794,25,1,0,80,3,767.02,15,5,2,2,3,0,0,0,0,0,0,0,0,2,0
U10763,53,0,1,49,5,111.53,20,8,3,0,2,0,0,0,0,0,0,0,0,1,0
U10659,25,0,0,42,5,281.02,21,10,2,3,3,0,0,0,0,0,0,0,0,1,0
U10770,22,1,0,79,6,525.69,13,12,2,0,4,0,0,0,0,0,0,0,0,1,1
U10348,31,1,1,4,9,372.71,12,9,1,2,2,0,0,0,0,0,0,0,0,0,0
U10463,30,1,1,71,10,408.03,11,15,3,0,5,0,0,0,0,0,0,0,0,1,0
U10325,45,1,0,24,7,125.18,18,6,3,1,6,0,0,0,0,0,0,0,0,1,0
U10186,58,1,4,42,4,18.84,17,6,2,1,8,0,0,0,0,0,0,0,0,1,0
U10123,28,1,0,9,6,717.9,37,6,2,1,3,1,1,525.14,0.2,3.3,0,0,431.95,1,0
U10200,52,0,4,11,12,411.02,26,9,3,1,2,1,4,53.41,0.1,3.5,0,1,52.4,1,0
U10608,20,1,2,5,8,263.55,19,13,2,0,6,0,0,0,0,0,0,0,0,1,0
U10143,39,0,0,18,13,222,25,8,1,1,3,0,0,0,0,0,0,0,0,1,0
U10751,51,1,0,43,8,266.88,33,8,4,1,2,1,1,163.84,0,3.2,1,1,161.28,1,0
U10510,34,1,0,54,4,418.76,23,4,1,0,4,1,1,833.96,0,3.7,0,1,753.86,2,0
U10014,48,1,2,41,9,1075.86,34,14,2,0,4,1,1,818.4,0.05,4.6,1,0,677.89,1,0
U10197,50,1,2,34,5,760.88,16,6,3,0,9,0,0,0,0,0,0,0,0,1,0
U10609,49,1,2,69,13,379.47,16,10,1,0,3,0,0,0,0,0,0,0,0,1,0
U10161,45,1,0,78,9,774.75,40,8,1,0,4,1,3,878.57,0.1,3.3,0,0,812.83,1,0
U10510,51,1,0,30,5,266.8,10,9,2,0,3,0,0,0,0,0,0,0,0,1,0
U10279,54,0,0,49,4,270.61,18,8,0,0,5,0,0,0,0,0,0,0,0,1,0
U10293,52,0,1,12,5,864.44,15,6,2,0,4,0,0,0,0,0,0,0,0,1,0
U10766,39,0,1,10,9,33.85,11,10,1,1,2,0,0,0,0,0,0,0,0,1,0
U10400,35,0,0,76,13,233.15,14,6,3,1,5,0,0,0,0,0,0,0,0,1,0
U10122,52,0,1,22,8,210.85,14,9,4,0,1,0,0,0,0,0,0,0,0,0,1
U10183,24,1,1,86,6,424.86,12,8,2,1,6,0,0,0,0,0,0,0,0,1,0
U10202,40,0,0,19,10,473.55,28,9,3,0,3,1,3,146.29,0,3.5,0,0,136.34,0,0
U10438,63,1,2,61,5,291.37,20,10,0,0,1,0,0,0,0,0,0,0,0,1,0
U10058,38,1,1,10,6,1082.66,25,6,1,2,0,1,3,305.02,0,3.1,0,0,279.62,1,1
U10246,42,1,0,32,9,153.73,18,6,2,0,3,0,0,0,0,0,0,0,0,1,1
U10415,55,1,0,13,9,203.85,15,7,2,0,4,0,0,0,0,0,0,0,0,0,0
U10189,33,1,0,86,5,1154.44,41,9,3,1,2,1,3,432.18,0.15,4.1,1,0,304.56,1,0
U10573,19,0,0,68,4,661.57,17,5,1,1,1,0,0,0,0,0,0,0,0,2,0
U10729,57,1,0,85,6,183.37,14,3,1,0,1,0,0,0,0,0,0,0,0,1,0
U10555,39,1,1,88,8,616.75,29,5,1,1,4,1,1,566.28,0.05,4.5,1,0,487.75,1,0
U10052,44,1,3,43,5,447.71,15,13,4,1,2,1,3,324.07,0,3.9,0,0,314.29,1,0
U10129,22,0,0,5,10,277.39,36,4,1,2,1,1,4,574.83,0.05,3.4,0,1,588.16,0,0
U10637,34,1,0,36,11,251.88,15,9,0,0,2,0,0,0,0,0,0,0,0,1,0
U10402,50,0,2,46,10,152.88,28,9,0,1,4,1,0,939.11,0.1,4.8,0,0,813.96,1,0
U10384,38,0,4,11,15,4.89,10,10,3,0,1,0,0,0,0,0,0,0,0,1,0
U10330,41,1,0,66,7,1097.67,40,4,1,0,2,1,4,634.29,0,4.4,0,0,620.44,1,0
U10735,46,1,1,62,11,283.59,35,11,4,1,2,1,2,79.88,0.05,3.5,1,0,63.46,1,0
U10600,59,0,1,86,9,1745.85,22,5,5,2,2,1,3,910.95,0,4.6,0,0,850.03,1,0
U10565,38,1,0,75,14,453.61,21,14,2,2,2,0,0,0,0,0,0,0,0,1,0
U10219,40,0,1,11,10,582.5,12,7,2,3,4,0,0,0,0,0,0,0,0,0,0
U10641,38,0,0,76,9,872.59,26,12,1,0,2,1,0,928.38,0.05,4.6,1,1,802.96,1,0
U10001,52,1,3,81,7,43.65,19,3,0,0,1,0,0,0,0,0,0,0,0,1,0
U10230,18,0,1,1,5,457.38,11,6,3,1,3,0,0,0,0,0,0,0,0,0,0
U10698,57,1,1,83,12,759.87,15,3,1,1,4,0,0,0,0,0,0,0,0,1,0
U10080,24,1,0,37,13,542.11,14,6,1,0,3,0,0,0,0,0,0,0,0,1,0
U10392,59,1,0,81,10,196.14,14,7,3,2,1,0,0,0,0,0,0,0,0,1,0
U10624,40,1,0,58,6,58.03,9,8,2,0,5,0,0,0,0,0,0,0,0,1,0
U10612,46,0,4,49,5,812.27,32,14,4,1,5,1,0,477.17,0,3.1,0,0,504.95,1,0
U10085,27,1,0,25,8,777.83,24,9,1,0,3,1,4,640.72,0,4.2,0,0,588.79,1,1
U10386,39,0,0,88,4,623.71,21,9,3,2,0,1,2,735.14,0,4.6,0,0,723.33,2,0
U10385,36,0,1,24,11,221.55,18,9,1,1,0,0,0,0,0,0,0,0,0,1,0
U10020,54,0,0,82,4,1348.9,17,10,3,1,2,0,0,0,0,0,0,0,0,1,0
U10509,56,0,0,23,7,512.78,15,7,5,1,2,0,0,0,0,0,0,0,0,1,0
U10267,57,1,2,11,6,46.75,18,10,1,0,3,0,0,0,0,0,0,0,0,1,0
U10563,44,0,1,41,5,159.91,13,5,3,0,4,0,0,0,0,0,0,0,0,1,0
U10441,45,1,0,52,9,131.14,29,3,0,1,0,1,4,491.58,0.1,3.8,0,0,419.24,1,0
U10496,56,1,0,77,12,220.25,20,6,5,2,3,0,0,0,0,0,0,0,0,1,0
U10313,26,1,1,36,6,259.93,20,7,1,1,0,0,0,0,0,0,0,0,0,1,0
U10112,37,1,1,26,16,188.82,14,4,0,1,1,0,0,0,0,0,0,0,0,0,0
U10691,19,1,0,26,5,19.78,21,10,4,1,8,0,0,0,0,0,0,0,0,0,0
U10232,51,1,1,15,6,218.13,20,8,0,1,3,0,0,0,0,0,0,0,0,1,0
U10471,25,0,2,35,7,47.32,20,2,3,0,3,0,0,0,0,0,0,0,0,1,0
U10607,60,0,0,77,10,268.37,24,10,0,0,3,0,0,0,0,0,0,0,0,1,0
U10671,41,0,1,6,9,35.83,10,9,2,5,3,0,0,0,0,0,0,0,0,1,0
U10373,39,1,1,1,15,204.43,14,6,3,0,3,0,0,0,0,0,0,0,0,0,0
U10276,36,0,1,34,10,865.5,14,5,0,0,3,0,0,0,0,0,0,0,0,1,0
U10242,31,0,1,44,16,597.45,32,8,3,0,2,1,4,452.95,0.15,3.2,1,1,371.17,0,1
U10663,49,1,1,50,9,493.84,35,11,4,1,4,1,3,255.93,0,3.1,1,0,218.6,1,0
U10683,60,0,0,84,10,649.13,19,6,2,1,4,0,0,0,0,0,0,0,0,1,0
U10233,31,0,0,54,1,2450.6,20,2,1,0,4,1,0,841.67,0.15,4.6,1,0,613.6,1,0
U10661,18,0,3,38,11,221.2,15,6,1,1,3,0,0,0,0,0,0,0,0,1,0
U10224,33,1,3,16,10,393.12,28,13,2,0,5,1,4,958.62,0,3.5,1,1,918.76,1,0
U10676,33,0,0,58,12,554.25,15,6,1,1,5,0,0,0,0,0,0,0,0,1,0
U10317,31,1,0,36,7,1322.15,37,7,3,1,3,1,0,159.15,0,4.9,0,0,173.66,1,0
U10648,44,0,3,49,5,75.19,14,12,0,1,3,0,0,0,0,0,0,0,0,1,0
U10410,45,1,0,42,4,448.39,15,4,2,1,3,0,0,0,0,0,0,0,0,1,0
U10455,63,1,1,55,9,522.32,14,8,0,0,3,0,0,0,0,0,0,0,0,1,0
U10709,41,0,1,40,11,817.82,26,6,2,2,3,1,1,460.71,0.1,4,0,0,425.46,1,0
U10358,40,0,1,8,7,58.2,15,6,3,1,4,0,0,0,0,0,0,0,0,0,0
U10258,29,1,1,18,11,487.14,26,10,4,0,5,1,3,606.42,0.15,4.6,0,1,525.8,1,1
U10744,53,0,0,20,13,271.1,16,10,2,1,2,0,0,0,0,0,0,0,0,1,0
U10159,50,1,0,66,7,49.86,18,11,0,0,2,1,3,350.83,0,4.9,1,1,328.68,1,0
U10627,40,1,0,52,8,313.6,20,9,2,0,2,0,0,0,0,0,0,0,0,1,0
